AptID;RwyID;ACCat;AppTyp;RwyDir;DH;RVR;AppClassification;AppGuidance;AppSystemMinima;AppPrecisionTyp
LTAC;03C ;C;CAT3B;30;0;75;Type B;3D;0;PA
LTAC;03C ;D;CAT3B;30;0;75;Type B;3D;0;PA
LTAC;03C ;C;CAT3A;30;50;200;Type B;3D;0;PA
LTAC;03C ;D;CAT3A;30;50;200;Type B;3D;0;PA
LTAC;03C ;D;CAT2 ;30;141;450;Type B;3D;0;PA
LTAC;03C ;C;CAT2 ;30;141;450;Type B;3D;0;PA
LTAC;03C ;C;ALTN ;30;150;525;NULL;NULL;NULL;NULL
LTAC;03C ;D;ALTN ;30;150;525;NULL;NULL;NULL;NULL
LTAC;03C ;C;ILSV ;30;221;550;Type B;3D;0;PA
LTAC;03C ;C;ILSY ;30;221;550;Type B;3D;0;PA
LTAC;03C ;D;ILSV ;30;221;550;Type B;3D;0;PA
LTAC;03C ;D;ILSY ;30;221;550;Type B;3D;0;PA
LTAC;03C ;D;LOCV ;30;761;2400;Type A;2D;1;NPA
LTAC;03C ;D;LOCY ;30;761;2400;Type A;2D;1;NPA
LTAC;03C ;D;NDBZ ;30;761;2400;Type A;2D;3;NPA
LTAC;03C ;D;VORZ ;30;761;2400;Type A;2D;2;NPA
LTAC;03C ;C;LOCV ;30;761;2400;Type A;2D;1;NPA
LTAC;03C ;C;LOCY ;30;761;2400;Type A;2D;1;NPA
LTAC;03C ;C;NDBZ ;30;761;2400;Type A;2D;3;NPA
LTAC;03C ;C;VORZ ;30;761;2400;Type A;2D;2;NPA
LTAC;03C ;C;CIRC ;30;1492;2400;Type A;2D;4;NPA
LTAC;03C ;D;CIRC ;30;1492;3600;Type A;2D;4;NPA
LTAC;03L ;C;CAT2 ;30;136;400;Type B;3D;0;PA
LTAC;03L ;D;CAT2 ;30;136;400;Type B;3D;0;PA
LTAC;03L ;C;ILSX ;30;226;550;Type B;3D;0;PA
LTAC;03L ;C;ILSY ;30;226;550;Type B;3D;0;PA
LTAC;03L ;D;ILSX ;30;226;550;Type B;3D;0;PA
LTAC;03L ;D;ILSY ;30;226;550;Type B;3D;0;PA
LTAC;03L ;C;ALTN ;30;236;700;NULL;NULL;NULL;NULL
LTAC;03L ;D;ALTN ;30;236;700;NULL;NULL;NULL;NULL
LTAC;03L ;D;LOCX ;31;706;2400;Type A;2D;1;NPA
LTAC;03L ;D;LOCY ;31;706;2400;Type A;2D;1;NPA
LTAC;03L ;C;LOCX ;31;706;2400;Type A;2D;1;NPA
LTAC;03L ;C;LOCY ;31;706;2400;Type A;2D;1;NPA
LTAC;03L ;C;NDBZ ;31;756;2400;Type A;2D;3;NPA
LTAC;03L ;C;VORZ ;31;756;2400;Type A;2D;2;NPA
LTAC;03L ;D;NDBZ ;31;756;2400;Type A;2D;3;NPA
LTAC;03L ;D;VORZ ;31;756;2400;Type A;2D;2;NPA
LTAC;03L ;C;CIRC ;30;1492;2400;Type A;2D;4;NPA
LTAC;03L ;D;CIRC ;30;1492;3600;Type A;2D;4;NPA
LTAC;03R ;C;CAT2 ;30;125;400;Type B;3D;0;PA
LTAC;03R ;D;CAT2 ;30;125;400;Type B;3D;0;PA
LTAC;03R ;D;ALTN ;30;225;700;NULL;NULL;NULL;NULL
LTAC;03R ;C;ALTN ;30;225;700;NULL;NULL;NULL;NULL
LTAC;03R ;C;ILSW ;30;372;1000;Type A;3D;0;PA
LTAC;03R ;D;ILSW ;30;372;1000;Type A;3D;0;PA
LTAC;03R ;C;ILSY ;30;372;1000;Type A;3D;0;PA
LTAC;03R ;C;ILSZ ;30;372;1000;Type A;3D;0;PA
LTAC;03R ;D;ILSY ;30;372;1000;Type A;3D;0;PA
LTAC;03R ;D;ILSZ ;30;372;1000;Type A;3D;0;PA
LTAC;03R ;C;LOCZ ;30;522;1700;Type A;2D;1;NPA
LTAC;03R ;D;LOCZ ;30;522;1700;Type A;2D;1;NPA
LTAC;03R ;D;LOCY ;30;532;1700;Type A;2D;1;NPA
LTAC;03R ;C;LOCY ;30;532;1700;Type A;2D;1;NPA
LTAC;03R ;C;CIRC ;30;1492;2400;Type A;2D;4;NPA
LTAC;03R ;C;VORZ ;30;792;2900;Type A;2D;2;NPA
LTAC;03R ;D;VORZ ;30;792;2900;Type A;2D;2;NPA
LTAC;03R ;D;CIRC ;30;1492;3600;Type A;2D;4;NPA
LTAC;21C ;C;ILSZ ;210;234;550;Type B;3D;0;PA
LTAC;21C ;D;ILSZ ;210;234;550;Type B;3D;0;PA
LTAC;21C ;D;ALTN ;210;334;850;NULL;NULL;NULL;NULL
LTAC;21C ;C;ALTN ;210;334;850;NULL;NULL;NULL;NULL
LTAC;21C ;C;LOCZ ;210;474;1500;Type A;2D;1;NPA
LTAC;21C ;D;LOCZ ;210;474;1500;Type A;2D;1;NPA
LTAC;21C ;D;NDBZ ;210;584;2000;Type A;2D;3;NPA
LTAC;21C ;D;VORY ;210;584;2000;Type A;2D;2;NPA
LTAC;21C ;D;VORZ ;210;584;2000;Type A;2D;2;NPA
LTAC;21C ;C;NDBZ ;210;584;2000;Type A;2D;3;NPA
LTAC;21C ;C;VORY ;210;584;2000;Type A;2D;2;NPA
LTAC;21C ;C;VORZ ;210;584;2000;Type A;2D;2;NPA
LTAC;21C ;C;CIRC ;210;1492;2400;Type A;2D;4;NPA
LTAC;21C ;D;CIRC ;210;1492;3600;Type A;2D;4;NPA
LTAC;21L ;D;CAT2 ;210;100;300;Type B;3D;0;PA
LTAC;21L ;C;CAT2 ;210;100;300;Type B;3D;0;PA
LTAC;21L ;C;ALTN ;210;200;600;NULL;NULL;NULL;NULL
LTAC;21L ;D;ALTN ;210;200;600;NULL;NULL;NULL;NULL
LTAC;21L ;C;ILSX ;210;282;650;Type A;3D;0;PA
LTAC;21L ;D;ILSX ;210;282;650;Type A;3D;0;PA
LTAC;21L ;D;ILSZ ;210;282;650;Type A;3D;0;PA
LTAC;21L ;C;ILSZ ;210;282;650;Type A;3D;0;PA
LTAC;21L ;C;VORZ ;210;772;2400;Type A;2D;2;NPA
LTAC;21L ;D;VORZ ;210;772;2400;Type A;2D;2;NPA
LTAC;21L ;D;LOCZ ;210;842;2400;Type A;2D;1;NPA
LTAC;21L ;C;LOCX ;210;842;2400;Type A;2D;1;NPA
LTAC;21L ;D;LOCX ;210;842;2400;Type A;2D;1;NPA
LTAC;21L ;C;LOCZ ;210;842;2400;Type A;2D;1;NPA
LTAC;21L ;C;CIRC ;210;1492;2400;Type A;2D;4;NPA
LTAC;21L ;D;CIRC ;210;1492;3600;Type A;2D;4;NPA
LTAC;21R ;D;ILSZ ;210;214;550;Type B;3D;0;PA
LTAC;21R ;C;ILSZ ;210;214;550;Type B;3D;0;PA
LTAC;21R ;D;ALTN ;210;314;850;NULL;NULL;NULL;NULL
LTAC;21R ;C;ALTN ;210;314;850;NULL;NULL;NULL;NULL
LTAC;21R ;C;LOCZ ;211;476;1500;Type A;2D;1;NPA
LTAC;21R ;D;LOCZ ;211;476;1500;Type A;2D;1;NPA
LTAC;21R ;D;NDBZ ;210;586;2000;Type A;2D;3;NPA
LTAC;21R ;D;VORY ;210;586;2000;Type A;2D;2;NPA
LTAC;21R ;D;VORZ ;210;586;2000;Type A;2D;2;NPA
LTAC;21R ;C;NDBZ ;210;586;2000;Type A;2D;3;NPA
LTAC;21R ;C;VORY ;210;586;2000;Type A;2D;2;NPA
LTAC;21R ;C;VORZ ;210;586;2000;Type A;2D;2;NPA
LTAC;21R ;C;CIRC ;210;1492;2400;Type A;2D;4;NPA
LTAC;21R ;D;CIRC ;210;1492;3600;Type A;2D;4;NPA
LTAC;ALL ;C;ETOPS;0;414;1350;NULL;NULL;NULL;NULL
LTAC;ALL ;D;ETOPS;0;414;1350;NULL;NULL;NULL;NULL
LTAD;11L ;C;CIRC ;107;1447;5000;Type A;2D;4;NPA
LTAD;11L ;D;CIRC ;107;1447;5000;Type A;2D;4;NPA
LTAD;11R ;C;CIRC ;107;1447;5000;Type A;2D;4;NPA
LTAD;11R ;D;CIRC ;107;1447;5000;Type A;2D;4;NPA
LTAD;29L ;C;CIRC ;287;1447;5000;Type A;2D;4;NPA
LTAD;29L ;D;CIRC ;287;1447;5000;Type A;2D;4;NPA
LTAD;29R ;C;CIRC ;287;1447;5000;Type A;2D;4;NPA
LTAD;29R ;D;CIRC ;287;1447;5000;Type A;2D;4;NPA
LTAD;ALL ;C;ETOPS;0;1847;6500;NULL;NULL;NULL;NULL
LTAD;ALL ;D;ETOPS;0;1847;6500;NULL;NULL;NULL;NULL
LTAE;3;D;ILSY ;27;200;800;Type B;3D;0;PA
LTAE;3;D;ILSZ ;27;200;800;Type B;3D;0;PA
LTAE;3;C;ILSY ;27;200;800;Type B;3D;0;PA
LTAE;3;C;ILSZ ;27;200;800;Type B;3D;0;PA
LTAE;3;C;LOCZ ;27;345;800;Type A;2D;1;NPA
LTAE;3;D;LOCY ;27;345;1200;Type A;2D;1;NPA
LTAE;3;D;LOCZ ;27;345;1200;Type A;2D;1;NPA
LTAE;3;C;LOCY ;27;345;1200;Type A;2D;1;NPA
LTAE;3;D;RNAV ;27;371;1200;Type A;2D;1;NPA
LTAE;3;C;RNAV ;27;371;1200;Type A;2D;1;NPA
LTAE;3;C;ALTN ;27;350;1250;NULL;NULL;NULL;NULL
LTAE;3;D;ALTN ;27;350;1250;NULL;NULL;NULL;NULL
LTAE;3;C;CIRC ;27;853;4000;Type A;2D;4;NPA
LTAE;3;D;CIRC ;27;1223;4800;Type A;2D;4;NPA
LTAE;ALL ;C;ETOPS;0;400;1600;NULL;NULL;NULL;NULL
LTAE;ALL ;D;ETOPS;0;400;1600;NULL;NULL;NULL;NULL
LTAF;5;D;ILSX ;48;252;600;Type A;3D;0;PA
LTAF;5;C;ILSX ;48;252;600;Type A;3D;0;PA
LTAF;5;C;ALTN ;48;452;1400;NULL;NULL;NULL;NULL
LTAF;5;D;ALTN ;48;452;1400;NULL;NULL;NULL;NULL
LTAF;5;C;NDBZ ;48;478;1500;Type A;2D;3;NPA
LTAF;5;C;VORX ;48;478;1500;Type A;2D;2;NPA
LTAF;5;C;VORY ;48;478;1500;Type A;2D;2;NPA
LTAF;5;D;NDBZ ;48;478;1500;Type A;2D;3;NPA
LTAF;5;D;VORX ;48;478;1500;Type A;2D;2;NPA
LTAF;5;D;VORY ;48;478;1500;Type A;2D;2;NPA
LTAF;5;C;LOCX ;48;478;1500;Type A;2D;1;NPA
LTAF;5;D;LOCX ;48;478;1500;Type A;2D;1;NPA
LTAF;5;C;CIRC ;48;1137;2400;Type A;2D;4;NPA
LTAF;5;C;VORZ ;48;1148;2400;Type A;2D;2;NPA
LTAF;5;D;VORZ ;48;1148;2400;Type A;2D;2;NPA
LTAF;5;D;CIRC ;48;1137;3600;Type A;2D;4;NPA
LTAF;23;C;CIRC ;228;1137;2400;Type A;2D;4;NPA
LTAF;23;D;CIRC ;228;1137;3600;Type A;2D;4;NPA
LTAF;ALL ;C;ETOPS;0;452;1400;NULL;NULL;NULL;NULL
LTAF;ALL ;D;ETOPS;0;452;1400;NULL;NULL;NULL;NULL
LTAG;5;C;ILS  ;46;250;550;Type A;3D;0;PA
LTAG;5;D;ILS  ;46;260;600;Type A;3D;0;PA
LTAG;5;D;LOC  ;46;431;1300;Type A;2D;1;NPA
LTAG;5;C;LOC  ;46;431;1300;Type A;2D;1;NPA
LTAG;5;C;ALTN ;46;450;1350;NULL;NULL;NULL;NULL
LTAG;5;D;RNAV ;46;451;1400;Type A;2D;1;NPA
LTAG;5;C;RNAV ;46;451;1400;Type A;2D;1;NPA
LTAG;5;D;ALTN ;46;460;1400;NULL;NULL;NULL;NULL
LTAG;23;C;ILS  ;226;233;550;Type B;3D;0;PA
LTAG;23;D;ILS  ;226;243;550;Type B;3D;0;PA
LTAG;23;C;ALTN ;227;383;1000;NULL;NULL;NULL;NULL
LTAG;23;D;ALTN ;227;393;1000;NULL;NULL;NULL;NULL
LTAG;23;C;LOC  ;226;606;2800;Type A;2D;1;NPA
LTAG;23;D;LOC  ;226;606;2800;Type A;2D;1;NPA
LTAG;23;D;RNAV ;226;656;3000;Type A;2D;1;NPA
LTAG;23;C;RNAV ;226;656;3000;Type A;2D;1;NPA
LTAG;ALL ;C;ETOPS;0;433;1350;NULL;NULL;NULL;NULL
LTAG;ALL ;D;ETOPS;0;443;1350;NULL;NULL;NULL;NULL
LTAH;13L ;C;CIRC ;128;990;2400;Type A;2D;4;NPA
LTAH;13L ;D;CIRC ;128;990;3600;Type A;2D;4;NPA
LTAH;13R ;C;CIRC ;128;990;2400;Type A;2D;4;NPA
LTAH;13R ;D;CIRC ;128;990;3600;Type A;2D;4;NPA
LTAH;31L ;C;CIRC ;308;990;2400;Type A;2D;4;NPA
LTAH;31L ;D;CIRC ;308;990;3600;Type A;2D;4;NPA
LTAH;31R ;C;ILSW ;308;200;550;Type B;3D;0;PA
LTAH;31R ;C;ILSZ ;308;200;550;Type B;3D;0;PA
LTAH;31R ;D;ILSW ;308;200;550;Type B;3D;0;PA
LTAH;31R ;D;ILSZ ;308;200;550;Type B;3D;0;PA
LTAH;31R ;C;ILSY ;309;200;800;Type B;3D;0;PA
LTAH;31R ;D;ILSY ;309;200;800;Type B;3D;0;PA
LTAH;31R ;C;ALTN ;308;350;1000;NULL;NULL;NULL;NULL
LTAH;31R ;D;ALTN ;308;350;1000;NULL;NULL;NULL;NULL
LTAH;31R ;C;LOCY ;308;434;1200;Type A;2D;1;NPA
LTAH;31R ;C;LOCZ ;308;434;1400;Type A;2D;1;NPA
LTAH;31R ;D;LOCW ;308;434;1400;Type A;2D;1;NPA
LTAH;31R ;D;LOCZ ;308;434;1400;Type A;2D;1;NPA
LTAH;31R ;C;LOCW ;308;434;1400;Type A;2D;1;NPA
LTAH;31R ;C;RNAV ;308;475;1500;Type A;2D;1;NPA
LTAH;31R ;D;RNAV ;308;475;1500;Type A;2D;1;NPA
LTAH;31R ;D;LOCY ;308;434;1600;Type A;2D;1;NPA
LTAH;31R ;C;CIRC ;308;990;2400;Type A;2D;4;NPA
LTAH;31R ;D;CIRC ;308;990;3600;Type A;2D;4;NPA
LTAH;ALL ;C;ETOPS;0;400;1350;NULL;NULL;NULL;NULL
LTAH;ALL ;D;ETOPS;0;400;1350;NULL;NULL;NULL;NULL
LTAI;18C ;C;ILSY ;0;200;550;Type B;3D;0;PA
LTAI;18C ;C;ILSZ ;0;200;550;Type B;3D;0;PA
LTAI;18C ;D;ILSY ;0;200;550;Type B;3D;0;PA
LTAI;18C ;D;ILSZ ;0;200;550;Type B;3D;0;PA
LTAI;18C ;C;ILSX ;181;200;550;Type B;3D;0;PA
LTAI;18C ;D;ILSX ;181;200;550;Type B;3D;0;PA
LTAI;18C ;C;ALTN ;181;300;850;NULL;NULL;NULL;NULL
LTAI;18C ;D;ALTN ;181;300;850;NULL;NULL;NULL;NULL
LTAI;18C ;C;LOCX ;181;508;1600;Type A;2D;1;NPA
LTAI;18C ;D;LOCX ;181;508;1600;Type A;2D;1;NPA
LTAI;18C ;C;VORZ ;0;508;1600;Type A;2D;2;NPA
LTAI;18C ;D;VORZ ;0;508;1600;Type A;2D;2;NPA
LTAI;18C ;C;LOCY ;181;508;1600;Type A;2D;1;NPA
LTAI;18C ;C;LOCZ ;181;508;1600;Type A;2D;1;NPA
LTAI;18C ;D;LOCY ;181;508;1600;Type A;2D;1;NPA
LTAI;18C ;D;LOCZ ;181;508;1600;Type A;2D;1;NPA
LTAI;18C ;C;CIRC ;181;923;2400;Type A;2D;4;NPA
LTAI;18C ;D;CIRC ;181;923;3600;Type A;2D;4;NPA
LTAI;18L ;C;ILSY ;181;200;550;Type B;3D;0;PA
LTAI;18L ;D;ILSY ;181;200;550;Type B;3D;0;PA
LTAI;18L ;C;ILSZ ;181;214;550;Type B;3D;0;PA
LTAI;18L ;D;ILSZ ;181;214;550;Type B;3D;0;PA
LTAI;18L ;C;ALTN ;181;300;850;NULL;NULL;NULL;NULL
LTAI;18L ;D;ALTN ;181;300;850;NULL;NULL;NULL;NULL
LTAI;18L ;C;LOCY ;181;504;1600;Type A;2D;1;NPA
LTAI;18L ;D;LOCY ;181;504;1600;Type A;2D;1;NPA
LTAI;18L ;C;NDBZ ;0;504;1600;Type A;2D;3;NPA
LTAI;18L ;C;VORZ ;0;504;1600;Type A;2D;2;NPA
LTAI;18L ;D;NDBZ ;0;504;1600;Type A;2D;3;NPA
LTAI;18L ;D;VORZ ;0;504;1600;Type A;2D;2;NPA
LTAI;18L ;C;LOCZ ;181;504;1600;Type A;2D;1;NPA
LTAI;18L ;D;LOCZ ;181;504;1600;Type A;2D;1;NPA
LTAI;18L ;C;CIRC ;181;923;2400;Type A;2D;4;NPA
LTAI;18L ;D;CIRC ;181;923;3600;Type A;2D;4;NPA
LTAI;18R ;C;VORZ ;0;510;1600;Type A;2D;2;NPA
LTAI;18R ;D;VORZ ;0;510;1600;Type A;2D;2;NPA
LTAI;18R ;C;CIRC ;181;923;2400;Type A;2D;4;NPA
LTAI;18R ;C;ALTN ;181;710;2600;NULL;NULL;NULL;NULL
LTAI;18R ;D;ALTN ;181;710;2600;NULL;NULL;NULL;NULL
LTAI;18R ;D;CIRC ;181;923;3600;Type A;2D;4;NPA
LTAI;36C ;C;ILSY ;0;200;550;Type B;3D;0;PA
LTAI;36C ;C;ILSZ ;0;200;550;Type B;3D;0;PA
LTAI;36C ;D;ILSY ;0;200;550;Type B;3D;0;PA
LTAI;36C ;D;ILSZ ;0;200;550;Type B;3D;0;PA
LTAI;36C ;C;ILSW ;1;200;550;Type B;3D;0;PA
LTAI;36C ;D;ILSW ;1;200;550;Type B;3D;0;PA
LTAI;36C ;C;ALTN ;1;300;850;NULL;NULL;NULL;NULL
LTAI;36C ;D;ALTN ;1;300;850;NULL;NULL;NULL;NULL
LTAI;36C ;C;LOCW ;1;366;1000;Type A;2D;1;NPA
LTAI;36C ;C;LOCX ;1;366;1000;Type A;2D;1;NPA
LTAI;36C ;C;LOCY ;1;366;1000;Type A;2D;1;NPA
LTAI;36C ;C;LOCZ ;1;366;1000;Type A;2D;1;NPA
LTAI;36C ;D;LOCX ;1;366;1000;Type A;2D;1;NPA
LTAI;36C ;D;LOCY ;1;366;1000;Type A;2D;1;NPA
LTAI;36C ;D;LOCZ ;1;366;1000;Type A;2D;1;NPA
LTAI;36C ;D;LOCW ;1;366;1000;Type A;2D;1;NPA
LTAI;36C ;C;VORY ;0;416;1200;Type A;2D;2;NPA
LTAI;36C ;D;VORY ;0;416;1200;Type A;2D;2;NPA
LTAI;36C ;D;NDBY ;0;446;1400;Type A;2D;3;NPA
LTAI;36C ;C;NDBY ;0;446;1400;Type A;2D;3;NPA
LTAI;36C ;C;NDBZ ;0;456;1400;Type A;2D;3;NPA
LTAI;36C ;D;NDBZ ;0;456;1400;Type A;2D;3;NPA
LTAI;36C ;C;VORZ ;0;456;1400;Type A;2D;2;NPA
LTAI;36C ;D;VORZ ;0;456;1400;Type A;2D;2;NPA
LTAI;36C ;C;CIRC ;1;923;2400;Type A;2D;4;NPA
LTAI;36C ;D;CIRC ;1;923;3600;Type A;2D;4;NPA
LTAI;36L ;C;VORY ;0;414;1200;Type A;2D;2;NPA
LTAI;36L ;D;VORY ;0;414;1200;Type A;2D;2;NPA
LTAI;36L ;D;VORZ ;0;454;1400;Type A;2D;2;NPA
LTAI;36L ;C;VORZ ;0;454;1400;Type A;2D;2;NPA
LTAI;36L ;C;ALTN ;1;614;2200;NULL;NULL;NULL;NULL
LTAI;36L ;D;ALTN ;1;614;2200;NULL;NULL;NULL;NULL
LTAI;36L ;C;CIRC ;1;923;2400;Type A;2D;4;NPA
LTAI;36L ;D;CIRC ;1;923;3600;Type A;2D;4;NPA
LTAI;36R ;C;CAT2 ;1;102;300;Type B;3D;0;PA
LTAI;36R ;D;CAT2 ;1;102;300;Type B;3D;0;PA
LTAI;36R ;C;ILSP ;1;200;550;Type B;3D;0;PA
LTAI;36R ;D;ILSP ;1;200;550;Type B;3D;0;PA
LTAI;36R ;C;ILSS ;0;200;550;Type B;3D;0;PA
LTAI;36R ;C;ILSV ;0;200;550;Type B;3D;0;PA
LTAI;36R ;C;ILSX ;0;200;550;Type B;3D;0;PA
LTAI;36R ;C;ILSZ ;0;200;550;Type B;3D;0;PA
LTAI;36R ;D;ILSS ;0;200;550;Type B;3D;0;PA
LTAI;36R ;D;ILSV ;0;200;550;Type B;3D;0;PA
LTAI;36R ;D;ILSX ;0;200;550;Type B;3D;0;PA
LTAI;36R ;D;ILSZ ;0;200;550;Type B;3D;0;PA
LTAI;36R ;D;ALTN ;1;252;750;NULL;NULL;NULL;NULL
LTAI;36R ;C;ALTN ;1;252;750;NULL;NULL;NULL;NULL
LTAI;36R ;C;NDBY ;0;431;1300;Type A;2D;3;NPA
LTAI;36R ;C;VORY ;0;431;1300;Type A;2D;2;NPA
LTAI;36R ;D;NDBY ;0;431;1300;Type A;2D;3;NPA
LTAI;36R ;D;VORY ;0;431;1300;Type A;2D;2;NPA
LTAI;36R ;D;VORZ ;0;461;1500;Type A;2D;2;NPA
LTAI;36R ;D;NDBZ ;0;461;1500;Type A;2D;3;NPA
LTAI;36R ;C;VORZ ;0;461;1500;Type A;2D;2;NPA
LTAI;36R ;C;LOCS ;1;461;1500;Type A;2D;1;NPA
LTAI;36R ;C;LOCV ;1;461;1500;Type A;2D;1;NPA
LTAI;36R ;C;LOCX ;1;461;1500;Type A;2D;1;NPA
LTAI;36R ;C;LOCZ ;1;461;1500;Type A;2D;1;NPA
LTAI;36R ;D;LOCS ;1;461;1500;Type A;2D;1;NPA
LTAI;36R ;D;LOCV ;1;461;1500;Type A;2D;1;NPA
LTAI;36R ;D;LOCX ;1;461;1500;Type A;2D;1;NPA
LTAI;36R ;D;LOCZ ;1;461;1500;Type A;2D;1;NPA
LTAI;36R ;C;NDBZ ;0;461;1500;Type A;2D;3;NPA
LTAI;36R ;D;LOCP ;1;461;1500;Type A;2D;1;NPA
LTAI;36R ;C;LOCP ;1;461;1500;Type A;2D;1;NPA
LTAI;36R ;C;CIRC ;1;923;2400;Type A;2D;4;NPA
LTAI;36R ;D;CIRC ;1;923;3600;Type A;2D;4;NPA
LTAI;ALL ;C;ETOPS;0;400;1350;NULL;NULL;NULL;NULL
LTAI;ALL ;D;ETOPS;0;400;1350;NULL;NULL;NULL;NULL
LTAJ;10;C;RNAV ;0;839;2400;Type A;2D;1;NPA
LTAJ;10;D;RNAV ;0;839;2400;Type A;2D;1;NPA
LTAJ;10;C;CIRC ;0;1195;2400;Type A;2D;4;NPA
LTAJ;10;C;ALTN ;99;1039;3400;NULL;NULL;NULL;NULL
LTAJ;10;D;ALTN ;99;1039;3400;NULL;NULL;NULL;NULL
LTAJ;10;D;CIRC ;100;1195;3600;Type A;2D;4;NPA
LTAJ;28;D;CAT2 ;279;130;400;Type B;3D;0;PA
LTAJ;28;C;CAT2 ;279;130;400;Type B;3D;0;PA
LTAJ;28;C;ILSZ ;279;250;550;Type A;3D;0;PA
LTAJ;28;D;ILSZ ;279;250;550;Type A;3D;0;PA
LTAJ;28;D;ALTN ;279;280;850;NULL;NULL;NULL;NULL
LTAJ;28;C;ALTN ;279;280;850;NULL;NULL;NULL;NULL
LTAJ;28;C;RNAV ;0;600;2000;Type A;2D;1;NPA
LTAJ;28;D;RNAV ;0;600;2000;Type A;2D;1;NPA
LTAJ;28;C;LOCZ ;279;734;2400;Type A;2D;1;NPA
LTAJ;28;D;LOCZ ;279;734;2400;Type A;2D;1;NPA
LTAJ;28;C;VORY ;279;734;2400;Type A;2D;2;NPA
LTAJ;28;D;VORY ;279;734;2400;Type A;2D;2;NPA
LTAJ;28;C;NDBY ;279;884;2400;Type A;2D;3;NPA
LTAJ;28;D;NDBY ;279;884;2400;Type A;2D;3;NPA
LTAJ;28;D;NDBZ ;279;1084;2400;Type A;2D;3;NPA
LTAJ;28;C;NDBZ ;279;1084;2400;Type A;2D;3;NPA
LTAJ;28;D;VORZ ;279;1084;2400;Type A;2D;2;NPA
LTAJ;28;C;VORZ ;279;1084;2400;Type A;2D;2;NPA
LTAJ;28;C;CIRC ;0;1195;2400;Type A;2D;4;NPA
LTAJ;28;D;CIRC ;280;1195;3600;Type A;2D;4;NPA
LTAJ;ALL ;C;ETOPS;0;450;1350;NULL;NULL;NULL;NULL
LTAJ;ALL ;D;ETOPS;0;450;1350;NULL;NULL;NULL;NULL
LTAL;18;C;ILSZ ;180;225;800;Type B;3D;0;PA
LTAL;18;D;ILSZ ;180;225;800;Type B;3D;0;PA
LTAL;18;D;ALTN ;180;375;1250;NULL;NULL;NULL;NULL
LTAL;18;C;ALTN ;180;375;1250;NULL;NULL;NULL;NULL
LTAL;18;C;LOCZ ;180;385;1400;Type A;2D;1;NPA
LTAL;18;D;LOCZ ;180;385;1400;Type A;2D;1;NPA
LTAL;18;C;RNAV ;180;435;1600;Type A;2D;1;NPA
LTAL;18;D;RNAV ;180;435;1600;Type A;2D;1;NPA
LTAL;18;C;NDB  ;180;535;2000;Type A;2D;3;NPA
LTAL;18;C;DME  ;180;535;2000;Type A;2D;1;NPA
LTAL;18;D;NDB  ;180;535;2000;Type A;2D;3;NPA
LTAL;18;D;DME  ;180;535;2000;Type A;2D;1;NPA
LTAL;18;C;CIRC ;0;976;2400;Type A;2D;4;NPA
LTAL;18;D;CIRC ;180;1876;3600;Type A;2D;4;NPA
LTAL;36;C;CIRC ;0;1276;2400;Type A;2D;4;NPA
LTAL;36;D;CIRC ;0;1876;3600;Type A;2D;4;NPA
LTAL;ALL ;C;ETOPS;0;425;1600;NULL;NULL;NULL;NULL
LTAL;ALL ;D;ETOPS;0;425;1600;NULL;NULL;NULL;NULL
LTAN;01L ;D;ILSW ;11;233;550;Type B;3D;0;PA
LTAN;01L ;D;ILSZ ;11;233;550;Type B;3D;0;PA
LTAN;01L ;C;ILSW ;11;233;550;Type B;3D;0;PA
LTAN;01L ;C;ILSZ ;11;233;550;Type B;3D;0;PA
LTAN;01L ;D;ALTN ;11;383;1000;NULL;NULL;NULL;NULL
LTAN;01L ;C;ALTN ;11;383;1000;NULL;NULL;NULL;NULL
LTAN;01L ;C;LOCT ;11;463;1500;Type A;2D;1;NPA
LTAN;01L ;C;LOCU ;11;463;1500;Type A;2D;1;NPA
LTAN;01L ;C;NDBT ;11;463;1500;Type A;2D;3;NPA
LTAN;01L ;C;NDBU ;11;463;1500;Type A;2D;3;NPA
LTAN;01L ;C;VORT ;11;463;1500;Type A;2D;2;NPA
LTAN;01L ;C;VORU ;11;463;1500;Type A;2D;2;NPA
LTAN;01L ;D;LOCT ;11;463;1500;Type A;2D;1;NPA
LTAN;01L ;D;LOCU ;11;463;1500;Type A;2D;1;NPA
LTAN;01L ;D;NDBT ;11;463;1500;Type A;2D;3;NPA
LTAN;01L ;D;NDBU ;11;463;1500;Type A;2D;3;NPA
LTAN;01L ;D;VORT ;11;463;1500;Type A;2D;2;NPA
LTAN;01L ;D;VORU ;11;463;1500;Type A;2D;2;NPA
LTAN;01L ;C;RNAV ;11;483;1500;Type A;2D;1;NPA
LTAN;01L ;D;RNAV ;11;483;1500;Type A;2D;1;NPA
LTAN;01L ;C;CIRC ;11;1108;2400;Type A;2D;4;NPA
LTAN;01L ;D;CIRC ;11;1108;3600;Type A;2D;4;NPA
LTAN;01R ;D;NDBW ;11;478;1500;Type A;2D;3;NPA
LTAN;01R ;D;NDBY ;11;478;1500;Type A;2D;3;NPA
LTAN;01R ;D;VORW ;11;478;1500;Type A;2D;2;NPA
LTAN;01R ;D;VORY ;11;478;1500;Type A;2D;2;NPA
LTAN;01R ;C;NDBW ;11;478;1500;Type A;2D;3;NPA
LTAN;01R ;C;NDBY ;11;478;1500;Type A;2D;3;NPA
LTAN;01R ;C;VORW ;11;478;1500;Type A;2D;2;NPA
LTAN;01R ;C;VORY ;11;478;1500;Type A;2D;2;NPA
LTAN;01R ;C;CIRC ;11;1108;2400;Type A;2D;4;NPA
LTAN;01R ;D;ALTN ;11;678;2500;NULL;NULL;NULL;NULL
LTAN;01R ;C;ALTN ;11;678;2500;NULL;NULL;NULL;NULL
LTAN;01R ;D;CIRC ;11;1108;3600;Type A;2D;4;NPA
LTAN;19L ;C;NDBX ;0;438;1600;Type A;2D;3;NPA
LTAN;19L ;C;NDBZ ;0;438;1600;Type A;2D;3;NPA
LTAN;19L ;C;VORX ;0;438;1600;Type A;2D;2;NPA
LTAN;19L ;C;VORZ ;0;438;1600;Type A;2D;2;NPA
LTAN;19L ;D;NDBX ;0;438;1600;Type A;2D;3;NPA
LTAN;19L ;D;NDBZ ;0;438;1600;Type A;2D;3;NPA
LTAN;19L ;D;VORX ;0;438;1600;Type A;2D;2;NPA
LTAN;19L ;D;VORZ ;0;438;1600;Type A;2D;2;NPA
LTAN;19L ;C;CIRC ;191;1108;2400;Type A;2D;4;NPA
LTAN;19L ;C;ALTN ;191;663;2600;NULL;NULL;NULL;NULL
LTAN;19L ;D;ALTN ;191;663;2600;NULL;NULL;NULL;NULL
LTAN;19L ;D;CIRC ;191;1108;3600;Type A;2D;4;NPA
LTAN;19R ;C;NDBV ;0;428;1600;Type A;2D;3;NPA
LTAN;19R ;C;VORV ;0;428;1600;Type A;2D;2;NPA
LTAN;19R ;D;NDBV ;0;428;1600;Type A;2D;3;NPA
LTAN;19R ;D;VORV ;0;428;1600;Type A;2D;2;NPA
LTAN;19R ;C;NDBS ;191;428;1600;Type A;2D;3;NPA
LTAN;19R ;C;VORS ;191;428;1600;Type A;2D;2;NPA
LTAN;19R ;D;NDBS ;191;428;1600;Type A;2D;3;NPA
LTAN;19R ;D;VORS ;191;428;1600;Type A;2D;2;NPA
LTAN;19R ;C;CIRC ;191;1108;2400;Type A;2D;4;NPA
LTAN;19R ;C;ALTN ;191;663;2600;NULL;NULL;NULL;NULL
LTAN;19R ;D;ALTN ;191;663;2600;NULL;NULL;NULL;NULL
LTAN;19R ;D;CIRC ;191;1108;3600;Type A;2D;4;NPA
LTAN;ALL ;C;ETOPS;0;433;1350;NULL;NULL;NULL;NULL
LTAN;ALL ;D;ETOPS;0;433;1350;NULL;NULL;NULL;NULL
LTAO;22R ;C;RNAV ;222;643;3000;Type A;2D;1;NPA
LTAO;22R ;D;RNAV ;222;643;3000;Type A;2D;1;NPA
LTAO;ALL ;C;ALTN ;0;843;4000;NULL;NULL;NULL;NULL
LTAO;ALL ;D;ALTN ;0;843;4000;NULL;NULL;NULL;NULL
LTAO;ALL ;D;ETOPS;0;1043;4500;NULL;NULL;NULL;NULL
LTAO;ALL ;C;ETOPS;0;1043;4500;NULL;NULL;NULL;NULL
LTAP;05L ;C;NDBY ;0;502;2100;Type A;2D;3;NPA
LTAP;05L ;C;VORY ;0;502;2100;Type A;2D;2;NPA
LTAP;05L ;D;NDBY ;0;502;2100;Type A;2D;3;NPA
LTAP;05L ;D;VORY ;0;502;2100;Type A;2D;2;NPA
LTAP;05L ;C;CIRC ;48;1502;2400;Type A;2D;4;NPA
LTAP;05L ;C;ALTN ;48;716;3100;NULL;NULL;NULL;NULL
LTAP;05L ;D;ALTN ;48;716;3100;NULL;NULL;NULL;NULL
LTAP;05L ;D;CIRC ;48;1802;3600;Type A;2D;4;NPA
LTAP;05R ;C;ILSY ;0;200;550;Type B;3D;0;PA
LTAP;05R ;C;ILSZ ;0;200;550;Type B;3D;0;PA
LTAP;05R ;D;ILSY ;0;200;550;Type B;3D;0;PA
LTAP;05R ;D;ILSZ ;0;200;550;Type B;3D;0;PA
LTAP;05R ;C;ALTN ;48;350;1000;NULL;NULL;NULL;NULL
LTAP;05R ;D;ALTN ;48;350;1000;NULL;NULL;NULL;NULL
LTAP;05R ;D;NDBZ ;0;516;1600;Type A;2D;3;NPA
LTAP;05R ;D;VORZ ;0;516;1600;Type A;2D;2;NPA
LTAP;05R ;C;LOCY ;48;516;1600;Type A;2D;1;NPA
LTAP;05R ;C;LOCZ ;48;516;1600;Type A;2D;1;NPA
LTAP;05R ;D;LOCY ;48;516;1600;Type A;2D;1;NPA
LTAP;05R ;D;LOCZ ;48;516;1600;Type A;2D;1;NPA
LTAP;05R ;C;NDBZ ;0;516;1600;Type A;2D;3;NPA
LTAP;05R ;C;VORZ ;0;516;1600;Type A;2D;2;NPA
LTAP;05R ;C;CIRC ;48;1502;2400;Type A;2D;4;NPA
LTAP;05R ;D;CIRC ;48;1802;3600;Type A;2D;4;NPA
LTAP;23L ;C;CIRC ;228;1502;2400;Type A;2D;4;NPA
LTAP;23L ;D;CIRC ;228;1802;3600;Type A;2D;4;NPA
LTAP;23R ;C;CIRC ;228;1502;2400;Type A;2D;4;NPA
LTAP;23R ;D;CIRC ;228;1802;3600;Type A;2D;4;NPA
LTAP;ALL ;C;ETOPS;0;400;1350;NULL;NULL;NULL;NULL
LTAP;ALL ;D;ETOPS;0;400;1350;NULL;NULL;NULL;NULL
LTAR;1;C;ILSY ;12;263;600;Type A;3D;0;PA
LTAR;1;C;ILSZ ;12;263;600;Type A;3D;0;PA
LTAR;1;D;ILSY ;12;263;600;Type A;3D;0;PA
LTAR;1;D;ILSZ ;12;263;600;Type A;3D;0;PA
LTAR;1;C;ALTN ;12;463;1400;NULL;NULL;NULL;NULL
LTAR;1;D;ALTN ;12;463;1400;NULL;NULL;NULL;NULL
LTAR;1;D;NDBT ;12;493;1500;Type A;2D;3;NPA
LTAR;1;C;LOCT ;12;493;1500;Type A;2D;1;NPA
LTAR;1;C;LOCV ;12;493;1500;Type A;2D;1;NPA
LTAR;1;C;RNAV ;12;493;1500;Type A;2D;1;NPA
LTAR;1;C;VORV ;12;493;1500;Type A;2D;2;NPA
LTAR;1;C;NDBT ;12;493;1500;Type A;2D;3;NPA
LTAR;1;D;LOCV ;12;493;1500;Type A;2D;1;NPA
LTAR;1;D;RNAV ;12;493;1500;Type A;2D;1;NPA
LTAR;1;D;LOCT ;12;493;1500;Type A;2D;1;NPA
LTAR;1;D;VORV ;12;493;1500;Type A;2D;2;NPA
LTAR;1;D;LOCU ;12;863;2400;Type A;2D;1;NPA
LTAR;1;C;VORU ;12;863;2400;Type A;2D;2;NPA
LTAR;1;C;NDBS ;12;863;2400;Type A;2D;3;NPA
LTAR;1;D;NDBS ;12;863;2400;Type A;2D;3;NPA
LTAR;1;D;LOCS ;12;863;2400;Type A;2D;1;NPA
LTAR;1;C;LOCU ;12;863;2400;Type A;2D;1;NPA
LTAR;1;D;VORU ;12;863;2400;Type A;2D;2;NPA
LTAR;1;C;LOCS ;12;863;2400;Type A;2D;1;NPA
LTAR;1;C;CIRC ;12;863;2400;Type A;2D;4;NPA
LTAR;1;D;CIRC ;12;1163;3600;Type A;2D;4;NPA
LTAR;19;D;RNAV ;192;438;1600;Type A;2D;1;NPA
LTAR;19;D;VORQ ;192;438;1600;Type A;2D;2;NPA
LTAR;19;D;VORR ;192;438;1600;Type A;2D;2;NPA
LTAR;19;C;RNAV ;192;438;1600;Type A;2D;1;NPA
LTAR;19;C;VORQ ;192;438;1600;Type A;2D;2;NPA
LTAR;19;C;VORR ;192;438;1600;Type A;2D;2;NPA
LTAR;19;C;CIRC ;192;863;2400;Type A;2D;4;NPA
LTAR;19;C;ALTN ;192;638;2600;NULL;NULL;NULL;NULL
LTAR;19;D;ALTN ;192;638;2600;NULL;NULL;NULL;NULL
LTAR;19;D;CIRC ;192;1163;3600;Type A;2D;4;NPA
LTAR;ALL ;C;ETOPS;0;463;1400;NULL;NULL;NULL;NULL
LTAR;ALL ;D;ETOPS;0;463;1400;NULL;NULL;NULL;NULL
LTAS;18;C;CIRC ;179;2556;2400;Type A;2D;4;NPA
LTAS;18;D;CIRC ;179;2556;3600;Type A;2D;4;NPA
LTAS;36;C;ILSY ;359;506;2100;Type A;3D;0;PA
LTAS;36;C;ILSZ ;359;506;2100;Type A;3D;0;PA
LTAS;36;D;ILSY ;359;506;2100;Type A;3D;0;PA
LTAS;36;D;ILSZ ;359;506;2100;Type A;3D;0;PA
LTAS;36;C;LOCY ;359;996;2400;Type A;2D;1;NPA
LTAS;36;C;LOCZ ;359;996;2400;Type A;2D;1;NPA
LTAS;36;D;LOCY ;359;996;2400;Type A;2D;1;NPA
LTAS;36;D;LOCZ ;359;996;2400;Type A;2D;1;NPA
LTAS;36;C;CIRC ;359;2556;2400;Type A;2D;4;NPA
LTAS;36;C;ALTN ;359;706;2900;NULL;NULL;NULL;NULL
LTAS;36;D;CIRC ;359;2556;3600;Type A;2D;4;NPA
LTAS;ALL ;C;ETOPS;0;706;2900;NULL;NULL;NULL;NULL
LTAS;ALL ;D;ETOPS;0;706;2900;NULL;NULL;NULL;NULL
LTAT;03L ;C;CIRC ;25;713;2400;Type A;2D;4;NPA
LTAT;03L ;D;CIRC ;25;713;3600;Type A;2D;4;NPA
LTAT;03R ;C;CIRC ;25;713;2400;Type A;2D;4;NPA
LTAT;03R ;D;CIRC ;25;713;3600;Type A;2D;4;NPA
LTAT;21L ;C;ILSY ;205;203;550;Type B;3D;0;PA
LTAT;21L ;D;ILSY ;205;203;550;Type B;3D;0;PA
LTAT;21L ;C;ALTN ;205;353;1000;NULL;NULL;NULL;NULL
LTAT;21L ;D;ALTN ;205;353;1000;NULL;NULL;NULL;NULL
LTAT;21L ;D;LOCX ;205;453;1400;Type A;2D;1;NPA
LTAT;21L ;D;LOCY ;205;453;1400;Type A;2D;1;NPA
LTAT;21L ;D;VORZ ;205;453;1400;Type A;2D;2;NPA
LTAT;21L ;C;LOCX ;205;453;1400;Type A;2D;1;NPA
LTAT;21L ;C;LOCY ;205;453;1400;Type A;2D;1;NPA
LTAT;21L ;D;ILSX ;205;453;1400;Type A;3D;0;PA
LTAT;21L ;C;VORZ ;205;453;1400;Type A;2D;2;NPA
LTAT;21L ;C;ILSX ;205;453;1400;Type A;3D;0;PA
LTAT;21L ;D;NDBZ ;205;503;1600;Type A;2D;3;NPA
LTAT;21L ;C;NDBZ ;205;503;1600;Type A;2D;3;NPA
LTAT;21L ;C;RNAV ;206;643;2300;Type A;2D;1;NPA
LTAT;21L ;D;RNAV ;206;643;2300;Type A;2D;1;NPA
LTAT;21L ;C;CIRC ;0;713;2400;Type A;2D;4;NPA
LTAT;21L ;D;CIRC ;206;713;3600;Type A;2D;4;NPA
LTAT;21R ;D;RNAV ;206;638;2400;Type A;2D;1;NPA
LTAT;21R ;C;RNAV ;206;638;2400;Type A;2D;1;NPA
LTAT;21R ;C;CIRC ;0;713;2400;Type A;2D;4;NPA
LTAT;21R ;D;ALTN ;206;838;3400;NULL;NULL;NULL;NULL
LTAT;21R ;C;ALTN ;206;838;3400;NULL;NULL;NULL;NULL
LTAT;21R ;D;CIRC ;206;713;3600;Type A;2D;4;NPA
LTAT;ALL ;C;ETOPS;0;403;1350;NULL;NULL;NULL;NULL
LTAT;ALL ;D;ETOPS;0;403;1350;NULL;NULL;NULL;NULL
LTAU;7;C;RNAV ;71;451;1900;Type A;2D;1;NPA
LTAU;7;D;RNAV ;71;451;1900;Type A;2D;1;NPA
LTAU;7;C;NDBZ ;0;701;2400;Type A;2D;3;NPA
LTAU;7;D;NDBZ ;0;701;2400;Type A;2D;3;NPA
LTAU;7;C;VORZ ;71;701;2400;Type A;2D;2;NPA
LTAU;7;D;VORZ ;71;701;2400;Type A;2D;2;NPA
LTAU;7;C;CIRC ;0;2237;2400;Type A;2D;4;NPA
LTAU;7;C;ALTN ;71;901;3400;NULL;NULL;NULL;NULL
LTAU;7;D;ALTN ;71;901;3400;NULL;NULL;NULL;NULL
LTAU;7;D;CIRC ;71;2237;3600;Type A;2D;4;NPA
LTAU;25;C;ILSY ;0;200;550;Type B;3D;0;PA
LTAU;25;C;ILSZ ;0;200;550;Type B;3D;0;PA
LTAU;25;D;ILSY ;0;200;550;Type B;3D;0;PA
LTAU;25;D;ILSZ ;0;200;550;Type B;3D;0;PA
LTAU;25;C;ILSX ;251;200;550;Type B;3D;0;PA
LTAU;25;D;ILSX ;251;200;550;Type B;3D;0;PA
LTAU;25;C;ALTN ;251;350;1000;NULL;NULL;NULL;NULL
LTAU;25;D;ALTN ;251;350;1000;NULL;NULL;NULL;NULL
LTAU;25;C;RNAV ;251;617;2000;Type A;2D;1;NPA
LTAU;25;D;RNAV ;251;617;2400;Type A;2D;1;NPA
LTAU;25;C;LOCX ;251;777;2400;Type A;2D;1;NPA
LTAU;25;C;LOCY ;251;777;2400;Type A;2D;1;NPA
LTAU;25;C;LOCZ ;251;777;2400;Type A;2D;1;NPA
LTAU;25;D;LOCX ;251;777;2400;Type A;2D;1;NPA
LTAU;25;D;LOCY ;251;777;2400;Type A;2D;1;NPA
LTAU;25;D;LOCZ ;251;777;2400;Type A;2D;1;NPA
LTAU;25;C;CIRC ;251;2237;2400;Type A;2D;4;NPA
LTAU;25;D;CIRC ;251;2237;3600;Type A;2D;4;NPA
LTAU;ALL ;C;ETOPS;0;400;1350;NULL;NULL;NULL;NULL
LTAU;ALL ;D;ETOPS;0;400;1350;NULL;NULL;NULL;NULL
LTAW;6;C;ILSY ;63;300;650;Type A;3D;0;PA
LTAW;6;C;ILSZ ;63;300;650;Type A;3D;0;PA
LTAW;6;D;ILSY ;63;300;650;Type A;3D;0;PA
LTAW;6;D;ILSZ ;63;300;650;Type A;3D;0;PA
LTAW;6;C;ALTN ;63;500;1450;NULL;NULL;NULL;NULL
LTAW;6;D;ALTN ;63;500;1450;NULL;NULL;NULL;NULL
LTAW;6;D;LOCY ;63;708;2400;Type A;2D;1;NPA
LTAW;6;D;LOCZ ;63;708;2400;Type A;2D;1;NPA
LTAW;6;C;LOCY ;63;708;2400;Type A;2D;1;NPA
LTAW;6;C;LOCZ ;63;708;2400;Type A;2D;1;NPA
LTAW;6;C;RNAV ;64;1008;2400;Type A;2D;1;NPA
LTAW;6;D;RNAV ;64;1008;2400;Type A;2D;1;NPA
LTAW;6;C;VORY ;63;1028;2400;Type A;2D;2;NPA
LTAW;6;C;VORZ ;63;1028;2400;Type A;2D;2;NPA
LTAW;6;D;VORY ;63;1028;2400;Type A;2D;2;NPA
LTAW;6;D;VORZ ;63;1028;2400;Type A;2D;2;NPA
LTAW;6;C;CIRC ;63;3591;2400;Type A;2D;4;NPA
LTAW;6;D;CIRC ;63;3591;3600;Type A;2D;4;NPA
LTAW;24;C;CIRC ;243;3591;2400;Type A;2D;4;NPA
LTAW;24;C;RNAV ;243;841;3400;Type A;2D;1;NPA
LTAW;24;D;RNAV ;243;841;3400;Type A;2D;1;NPA
LTAW;24;D;CIRC ;243;3591;3600;Type A;2D;4;NPA
LTAW;24;C;ALTN ;243;1041;4400;NULL;NULL;NULL;NULL
LTAW;24;D;ALTN ;243;1041;4400;NULL;NULL;NULL;NULL
LTAW;ALL ;C;ETOPS;0;500;1450;NULL;NULL;NULL;NULL
LTAW;ALL ;D;ETOPS;0;500;1450;NULL;NULL;NULL;NULL
LTAY;5;C;NDBY ;53;803;2400;Type A;2D;3;NPA
LTAY;5;C;RNAV ;53;803;2400;Type A;2D;1;NPA
LTAY;5;C;VORY ;53;803;2400;Type A;2D;2;NPA
LTAY;5;D;NDBY ;53;803;2400;Type A;2D;3;NPA
LTAY;5;D;RNAV ;53;803;2400;Type A;2D;1;NPA
LTAY;5;D;VORY ;53;803;2400;Type A;2D;2;NPA
LTAY;5;C;CIRC ;53;2853;2400;Type A;2D;4;NPA
LTAY;5;C;ALTN ;53;1003;3400;NULL;NULL;NULL;NULL
LTAY;5;D;ALTN ;53;1003;3400;NULL;NULL;NULL;NULL
LTAY;5;D;CIRC ;53;3553;3600;Type A;2D;4;NPA
LTAY;23;C;ILSY ;234;201;550;Type B;3D;0;PA
LTAY;23;C;ILSZ ;234;201;550;Type B;3D;0;PA
LTAY;23;D;ILSY ;234;201;550;Type B;3D;0;PA
LTAY;23;D;ILSZ ;234;201;550;Type B;3D;0;PA
LTAY;23;C;ALTN ;233;351;1000;NULL;NULL;NULL;NULL
LTAY;23;D;ALTN ;233;351;1000;NULL;NULL;NULL;NULL
LTAY;23;C;RNAV ;233;726;2400;Type A;2D;1;NPA
LTAY;23;D;RNAV ;233;726;2400;Type A;2D;1;NPA
LTAY;23;C;LOCY ;233;876;2400;Type A;2D;1;NPA
LTAY;23;C;LOCZ ;233;876;2400;Type A;2D;1;NPA
LTAY;23;C;VORZ ;233;876;2400;Type A;2D;2;NPA
LTAY;23;D;LOCY ;233;876;2400;Type A;2D;1;NPA
LTAY;23;D;LOCZ ;233;876;2400;Type A;2D;1;NPA
LTAY;23;D;VORZ ;233;876;2400;Type A;2D;2;NPA
LTAY;23;C;CIRC ;233;2853;2400;Type A;2D;4;NPA
LTAY;23;D;CIRC ;233;3553;3600;Type A;2D;4;NPA
LTAY;23;D;NDBZ ;233;1376;5000;Type A;2D;3;NPA
LTAY;23;C;NDBZ ;233;1376;5000;Type A;2D;3;NPA
LTAY;ALL ;C;ETOPS;0;401;1350;NULL;NULL;NULL;NULL
LTAY;ALL ;D;ETOPS;0;401;1350;NULL;NULL;NULL;NULL
LTAZ;11;C;ILSY ;112;248;550;Type B;3D;0;PA
LTAZ;11;C;ILSZ ;112;248;550;Type B;3D;0;PA
LTAZ;11;D;ILSY ;112;248;550;Type B;3D;0;PA
LTAZ;11;D;ILSZ ;112;248;550;Type B;3D;0;PA
LTAZ;11;C;ALTN ;112;398;1000;NULL;NULL;NULL;NULL
LTAZ;11;D;ALTN ;112;398;1000;NULL;NULL;NULL;NULL
LTAZ;11;C;NDBU ;111;738;2400;Type A;2D;3;NPA
LTAZ;11;C;NDBW ;111;738;2400;Type A;2D;3;NPA
LTAZ;11;C;VORU ;111;738;2400;Type A;2D;2;NPA
LTAZ;11;C;VORW ;111;738;2400;Type A;2D;2;NPA
LTAZ;11;D;NDBU ;111;738;2400;Type A;2D;3;NPA
LTAZ;11;D;NDBW ;111;738;2400;Type A;2D;3;NPA
LTAZ;11;D;VORU ;111;738;2400;Type A;2D;2;NPA
LTAZ;11;D;VORW ;111;738;2400;Type A;2D;2;NPA
LTAZ;11;C;LOCY ;112;738;2400;Type A;2D;1;NPA
LTAZ;11;C;LOCZ ;112;738;2400;Type A;2D;1;NPA
LTAZ;11;D;LOCY ;112;738;2400;Type A;2D;1;NPA
LTAZ;11;D;LOCZ ;112;738;2400;Type A;2D;1;NPA
LTAZ;11;C;CIRC ;111;1410;2400;Type A;2D;4;NPA
LTAZ;11;D;CIRC ;111;1410;3600;Type A;2D;4;NPA
LTAZ;29;C;CIRC ;291;1410;2400;Type A;2D;4;NPA
LTAZ;29;D;CIRC ;291;1410;3600;Type A;2D;4;NPA
LTAZ;ALL ;C;ETOPS;0;448;1350;NULL;NULL;NULL;NULL
LTAZ;ALL ;D;ETOPS;0;448;1350;NULL;NULL;NULL;NULL
LTBA;5;C;CAT3B;0;0;75;Type B;3D;0;PA
LTBA;5;D;CAT3B;0;0;75;Type B;3D;0;PA
LTBA;5;C;CAT3A;53;50;200;Type B;3D;0;PA
LTBA;5;D;CAT3A;53;50;200;Type B;3D;0;PA
LTBA;5;C;CAT2 ;53;100;300;Type B;3D;0;PA
LTBA;5;D;CAT2 ;53;100;300;Type B;3D;0;PA
LTBA;5;C;ALTN ;53;150;525;NULL;NULL;NULL;NULL
LTBA;5;D;ALTN ;53;150;525;NULL;NULL;NULL;NULL
LTBA;5;C;ILSY ;53;200;550;Type B;3D;0;PA
LTBA;5;C;ILSZ ;53;200;550;Type B;3D;0;PA
LTBA;5;D;ILSY ;53;200;550;Type B;3D;0;PA
LTBA;5;D;ILSZ ;53;200;550;Type B;3D;0;PA
LTBA;5;C;ILSX ;53;200;550;Type B;3D;0;PA
LTBA;5;D;ILSX ;53;200;550;Type B;3D;0;PA
LTBA;5;C;LOCX ;53;417;1200;Type A;2D;1;NPA
LTBA;5;C;LOCY ;53;417;1200;Type A;2D;1;NPA
LTBA;5;C;LOCZ ;53;417;1200;Type A;2D;1;NPA
LTBA;5;D;LOCX ;53;417;1200;Type A;2D;1;NPA
LTBA;5;D;LOCY ;53;417;1200;Type A;2D;1;NPA
LTBA;5;D;LOCZ ;53;417;1200;Type A;2D;1;NPA
LTBA;5;C;RNAVZ;53;477;1500;Type A;2D;NULL;NPA
LTBA;5;D;RNAVZ;53;477;1500;Type A;2D;NULL;NPA
LTBA;5;D;VORZ ;53;517;1600;Type A;2D;2;NPA
LTBA;5;C;VORZ ;53;517;1600;Type A;2D;2;NPA
LTBA;5;C;CIRC ;53;1006;2400;Type A;2D;4;NPA
LTBA;5;D;CIRC ;53;1006;3600;Type A;2D;4;NPA
LTBA;23;C;ILSY ;233;200;750;Type B;3D;0;PA
LTBA;23;C;ILSZ ;233;200;750;Type B;3D;0;PA
LTBA;23;D;ILSY ;233;200;750;Type B;3D;0;PA
LTBA;23;D;ILSZ ;233;200;750;Type B;3D;0;PA
LTBA;23;C;ILSX ;233;200;750;Type B;3D;0;PA
LTBA;23;D;ILSX ;233;200;750;Type B;3D;0;PA
LTBA;23;C;ALTN ;233;350;1200;NULL;NULL;NULL;NULL
LTBA;23;D;ALTN ;233;350;1200;NULL;NULL;NULL;NULL
LTBA;23;D;LOCX ;233;620;2400;Type A;2D;1;NPA
LTBA;23;D;RNAVZ;233;620;2400;Type A;2D;NULL;NPA
LTBA;23;C;LOCX ;233;620;2400;Type A;2D;1;NPA
LTBA;23;C;RNAVZ;233;620;2400;Type A;2D;NULL;NPA
LTBA;23;C;LOCZ ;233;620;2400;Type A;2D;1;NPA
LTBA;23;C;VORZ ;233;620;2400;Type A;2D;2;NPA
LTBA;23;D;LOCZ ;233;620;2400;Type A;2D;1;NPA
LTBA;23;D;VORZ ;233;620;2400;Type A;2D;2;NPA
LTBA;23;C;LOCY ;233;620;2400;Type A;2D;1;NPA
LTBA;23;D;LOCY ;233;620;2400;Type A;2D;1;NPA
LTBA;23;D;VORY ;233;710;2400;Type A;2D;2;NPA
LTBA;23;C;VORY ;233;710;2400;Type A;2D;2;NPA
LTBA;23;C;CIRC ;233;1006;2400;Type A;2D;4;NPA
LTBA;23;D;CIRC ;233;1006;3600;Type A;2D;4;NPA
LTBA;ALL ;C;ETOPS;0;400;1350;NULL;NULL;NULL;NULL
LTBA;ALL ;D;ETOPS;0;400;1350;NULL;NULL;NULL;NULL
LTBD;9;C;VORX ;87;500;2300;Type A;2D;2;NPA
LTBD;9;C;VORY ;87;500;2300;Type A;2D;2;NPA
LTBD;9;C;VORZ ;87;500;2300;Type A;2D;2;NPA
LTBD;9;D;VORX ;87;500;2300;Type A;2D;2;NPA
LTBD;9;D;VORY ;87;500;2300;Type A;2D;2;NPA
LTBD;9;D;VORZ ;87;500;2300;Type A;2D;2;NPA
LTBD;9;C;CIRC ;87;2896;2400;Type A;2D;4;NPA
LTBD;9;D;CIRC ;87;3696;3600;Type A;2D;4;NPA
LTBD;27;D;VORV ;267;886;2400;Type A;2D;2;NPA
LTBD;27;C;VORV ;267;886;2400;Type A;2D;2;NPA
LTBD;27;C;VORW ;267;896;2400;Type A;2D;2;NPA
LTBD;27;D;VORW ;267;896;2400;Type A;2D;2;NPA
LTBD;27;C;CIRC ;267;2896;2400;Type A;2D;4;NPA
LTBD;27;D;CIRC ;267;3696;3600;Type A;2D;4;NPA
LTBD;ALL ;C;ETOPS;0;900;3800;NULL;NULL;NULL;NULL
LTBD;ALL ;D;ETOPS;0;900;3800;NULL;NULL;NULL;NULL
LTBF;18;C;CIRC ;177;1460;2400;Type A;2D;4;NPA
LTBF;18;D;CIRC ;177;2260;3600;Type A;2D;4;NPA
LTBF;36;C;ILS  ;357;200;550;Type B;3D;0;PA
LTBF;36;D;ILS  ;357;200;550;Type B;3D;0;PA
LTBF;36;C;ALTN ;357;350;1000;NULL;NULL;NULL;NULL
LTBF;36;D;ALTN ;357;350;1000;NULL;NULL;NULL;NULL
LTBF;36;D;LOC  ;357;768;2400;Type A;2D;1;NPA
LTBF;36;C;LOC  ;357;768;2400;Type A;2D;1;NPA
LTBF;36;C;CIRC ;357;1460;2400;Type A;2D;4;NPA
LTBF;36;D;CIRC ;357;2260;3600;Type A;2D;4;NPA
LTBF;ALL ;C;ETOPS;0;400;1350;NULL;NULL;NULL;NULL
LTBF;ALL ;D;ETOPS;0;400;1350;NULL;NULL;NULL;NULL
LTBG;36;C;ILSY ;356;200;800;Type B;3D;0;PA
LTBG;36;C;ILSZ ;356;200;800;Type B;3D;0;PA
LTBG;36;D;ILSY ;356;200;800;Type B;3D;0;PA
LTBG;36;D;ILSZ ;356;200;800;Type B;3D;0;PA
LTBG;ALL ;C;ETOPS;0;400;1600;NULL;NULL;NULL;NULL
LTBG;ALL ;D;ETOPS;0;400;1600;NULL;NULL;NULL;NULL
LTBG;ALL ;C;ALTN ;0;900;4400;NULL;NULL;NULL;NULL
LTBG;ALL ;D;ALTN ;0;1320;4800;NULL;NULL;NULL;NULL
LTBH;4;C;ILS  ;0;300;900;Type A;3D;0;PA
LTBH;4;D;ILS  ;0;300;900;Type A;3D;0;PA
LTBH;4;C;LOC  ;37;390;1400;Type A;2D;1;NPA
LTBH;4;D;LOC  ;37;390;1400;Type A;2D;1;NPA
LTBH;4;C;ALTN ;36;500;1700;NULL;NULL;NULL;NULL
LTBH;4;D;ALTN ;36;500;1700;NULL;NULL;NULL;NULL
LTBH;4;C;RNAV ;0;700;2400;Type A;2D;1;NPA
LTBH;4;D;RNAV ;0;700;2400;Type A;2D;1;NPA
LTBH;4;C;CIRC ;36;1500;2400;Type A;2D;4;NPA
LTBH;4;D;CIRC ;36;1500;3600;Type A;2D;4;NPA
LTBH;22;C;CIRC ;216;1500;2400;Type A;2D;4;NPA
LTBH;22;C;RNAV ;217;680;3100;Type A;2D;1;NPA
LTBH;22;D;RNAV ;217;680;3100;Type A;2D;1;NPA
LTBH;22;D;CIRC ;216;1500;3600;Type A;2D;4;NPA
LTBH;22;C;ALTN ;216;880;4100;NULL;NULL;NULL;NULL
LTBH;22;D;ALTN ;216;880;4100;NULL;NULL;NULL;NULL
LTBH;ALL ;C;ETOPS;0;500;1700;NULL;NULL;NULL;NULL
LTBH;ALL ;D;ETOPS;0;500;1700;NULL;NULL;NULL;NULL
LTBI;8;C;RNAV ;85;539;2000;Type A;2D;1;NPA
LTBI;8;D;RNAV ;85;539;2400;Type A;2D;1;NPA
LTBI;8;C;ALTN ;85;739;3000;NULL;NULL;NULL;NULL
LTBI;8;D;ALTN ;85;739;3400;NULL;NULL;NULL;NULL
LTBI;8;C;CIRC ;85;1299;4800;Type A;2D;4;NPA
LTBI;8;D;CIRC ;85;1319;4800;Type A;2D;4;NPA
LTBI;26;C;ILS  ;265;200;800;Type B;3D;0;PA
LTBI;26;D;ILS  ;265;200;800;Type B;3D;0;PA
LTBI;26;D;LOC  ;265;327;1200;Type A;2D;1;NPA
LTBI;26;C;LOC  ;265;327;1200;Type A;2D;1;NPA
LTBI;26;C;RNAV ;265;430;1200;Type A;2D;1;NPA
LTBI;26;C;ALTN ;265;350;1250;NULL;NULL;NULL;NULL
LTBI;26;D;ALTN ;265;350;1250;NULL;NULL;NULL;NULL
LTBI;26;D;RNAV ;265;430;1600;Type A;2D;1;NPA
LTBI;26;C;CIRC ;265;1299;4800;Type A;2D;4;NPA
LTBI;26;D;CIRC ;265;1319;4800;Type A;2D;4;NPA
LTBI;ALL ;C;ETOPS;0;400;1600;NULL;NULL;NULL;NULL
LTBI;ALL ;D;ETOPS;0;400;1600;NULL;NULL;NULL;NULL
LTBJ;16L ;C;ILSX ;162;202;750;Type B;3D;0;PA
LTBJ;16L ;C;ILSY ;162;202;750;Type B;3D;0;PA
LTBJ;16L ;C;ILSZ ;162;202;750;Type B;3D;0;PA
LTBJ;16L ;D;ILSX ;162;202;750;Type B;3D;0;PA
LTBJ;16L ;D;ILSY ;162;202;750;Type B;3D;0;PA
LTBJ;16L ;D;ILSZ ;162;202;750;Type B;3D;0;PA
LTBJ;16L ;C;ALTN ;161;352;1200;NULL;NULL;NULL;NULL
LTBJ;16L ;D;ALTN ;161;352;1200;NULL;NULL;NULL;NULL
LTBJ;16L ;D;LOCX ;162;500;1800;Type A;2D;1;NPA
LTBJ;16L ;D;LOCY ;162;500;1800;Type A;2D;1;NPA
LTBJ;16L ;D;LOCZ ;162;500;1800;Type A;2D;1;NPA
LTBJ;16L ;C;LOCX ;162;500;1800;Type A;2D;1;NPA
LTBJ;16L ;C;LOCY ;162;500;1800;Type A;2D;1;NPA
LTBJ;16L ;C;LOCZ ;162;500;1800;Type A;2D;1;NPA
LTBJ;16L ;C;RNAVZ;162;530;2000;Type A;2D;NULL;NPA
LTBJ;16L ;D;RNAVZ;162;530;2000;Type A;2D;NULL;NPA
LTBJ;16L ;D;VORZ ;162;740;2400;Type A;2D;2;NPA
LTBJ;16L ;C;VORZ ;162;740;2400;Type A;2D;2;NPA
LTBJ;16L ;C;CIRC ;0;1090;2400;Type A;2D;4;NPA
LTBJ;16L ;D;CIRC ;162;1090;3600;Type A;2D;4;NPA
LTBJ;16R ;C;RNAVZ;162;530;2000;Type A;2D;NULL;NPA
LTBJ;16R ;D;RNAVZ;162;530;2000;Type A;2D;NULL;NPA
LTBJ;16R ;C;CIRC ;0;1090;2400;Type A;2D;4;NPA
LTBJ;16R ;D;ALTN ;162;730;3000;NULL;NULL;NULL;NULL
LTBJ;16R ;C;ALTN ;162;730;3000;NULL;NULL;NULL;NULL
LTBJ;16R ;D;CIRC ;162;1090;3600;Type A;2D;4;NPA
LTBJ;34L ;C;RNAVZ;342;636;2400;Type A;2D;NULL;NPA
LTBJ;34L ;C;VORZ ;342;636;2400;Type A;2D;2;NPA
LTBJ;34L ;D;RNAVZ;342;636;2400;Type A;2D;NULL;NPA
LTBJ;34L ;D;VORZ ;342;636;2400;Type A;2D;2;NPA
LTBJ;34L ;C;CIRC ;0;1090;2400;Type A;2D;4;NPA
LTBJ;34L ;C;ALTN ;341;836;3400;NULL;NULL;NULL;NULL
LTBJ;34L ;D;ALTN ;341;836;3400;NULL;NULL;NULL;NULL
LTBJ;34L ;D;CIRC ;342;1090;3600;Type A;2D;4;NPA
LTBJ;34R ;C;CAT2 ;0;151;450;Type B;3D;0;PA
LTBJ;34R ;D;CAT2 ;0;151;450;Type B;3D;0;PA
LTBJ;34R ;C;ILSY ;341;226;550;Type B;3D;0;PA
LTBJ;34R ;C;ILSZ ;341;226;550;Type B;3D;0;PA
LTBJ;34R ;D;ILSY ;341;226;550;Type B;3D;0;PA
LTBJ;34R ;D;ILSZ ;341;226;550;Type B;3D;0;PA
LTBJ;34R ;C;ILSU ;342;226;550;Type B;3D;0;PA
LTBJ;34R ;C;ILSV ;342;226;550;Type B;3D;0;PA
LTBJ;34R ;D;ILSU ;342;226;550;Type B;3D;0;PA
LTBJ;34R ;D;ILSV ;342;226;550;Type B;3D;0;PA
LTBJ;34R ;C;ALTN ;341;301;900;NULL;NULL;NULL;NULL
LTBJ;34R ;D;ALTN ;341;301;900;NULL;NULL;NULL;NULL
LTBJ;34R ;C;LOCU ;342;636;2200;Type A;2D;1;NPA
LTBJ;34R ;C;LOCV ;342;636;2200;Type A;2D;1;NPA
LTBJ;34R ;D;LOCU ;342;636;2200;Type A;2D;1;NPA
LTBJ;34R ;D;LOCV ;342;636;2200;Type A;2D;1;NPA
LTBJ;34R ;D;RNAVZ;342;636;2200;Type A;2D;NULL;NPA
LTBJ;34R ;D;VORZ ;342;636;2200;Type A;2D;2;NPA
LTBJ;34R ;C;LOCY ;341;636;2200;Type A;2D;1;NPA
LTBJ;34R ;C;LOCZ ;341;636;2200;Type A;2D;1;NPA
LTBJ;34R ;D;LOCY ;341;636;2200;Type A;2D;1;NPA
LTBJ;34R ;D;LOCZ ;341;636;2200;Type A;2D;1;NPA
LTBJ;34R ;C;RNAVZ;342;636;2200;Type A;2D;NULL;NPA
LTBJ;34R ;C;VORZ ;342;636;2200;Type A;2D;2;NPA
LTBJ;34R ;D;NDBY ;342;786;2400;Type A;2D;3;NPA
LTBJ;34R ;D;NDBZ ;342;786;2400;Type A;2D;3;NPA
LTBJ;34R ;C;NDBY ;342;786;2400;Type A;2D;3;NPA
LTBJ;34R ;C;NDBZ ;342;786;2400;Type A;2D;3;NPA
LTBJ;34R ;C;CIRC ;0;1090;2400;Type A;2D;4;NPA
LTBJ;34R ;D;CIRC ;342;1090;3600;Type A;2D;4;NPA
LTBJ;ALL ;C;ETOPS;0;426;1350;NULL;NULL;NULL;NULL
LTBJ;ALL ;D;ETOPS;0;426;1350;NULL;NULL;NULL;NULL
LTBL;17;C;ILSY ;0;200;800;Type B;3D;0;PA
LTBL;17;C;ILSZ ;0;200;800;Type B;3D;0;PA
LTBL;17;D;ILSY ;0;200;800;Type B;3D;0;PA
LTBL;17;D;ILSZ ;0;200;800;Type B;3D;0;PA
LTBL;17;C;RNAV ;0;384;1200;Type A;2D;1;NPA
LTBL;17;D;RNAV ;0;384;1200;Type A;2D;1;NPA
LTBL;17;C;LOCY ;171;384;1200;Type A;2D;1;NPA
LTBL;17;C;LOCZ ;171;384;1200;Type A;2D;1;NPA
LTBL;17;D;LOCY ;171;384;1200;Type A;2D;1;NPA
LTBL;17;D;LOCZ ;171;384;1200;Type A;2D;1;NPA
LTBL;17;C;ALTN ;171;350;1250;NULL;NULL;NULL;NULL
LTBL;17;D;ALTN ;171;350;1250;NULL;NULL;NULL;NULL
LTBL;17;C;CIRC ;0;714;4800;Type A;2D;4;NPA
LTBL;17;D;CIRC ;171;854;4800;Type A;2D;4;NPA
LTBL;35;C;CIRC ;0;1624;4800;Type A;2D;4;NPA
LTBL;35;D;CIRC ;0;1624;4800;Type A;2D;4;NPA
LTBL;ALL ;C;ETOPS;0;400;1600;NULL;NULL;NULL;NULL
LTBL;ALL ;D;ETOPS;0;400;1600;NULL;NULL;NULL;NULL
LTBO;9;C;CIRC ;86;1702;2400;Type A;2D;4;NPA
LTBO;9;D;CIRC ;86;1702;3600;Type A;2D;4;NPA
LTBO;27;C;NDBZ ;266;833;2400;Type A;2D;3;NPA
LTBO;27;C;VORZ ;266;833;2400;Type A;2D;2;NPA
LTBO;27;D;NDBZ ;266;833;2400;Type A;2D;3;NPA
LTBO;27;D;VORZ ;266;833;2400;Type A;2D;2;NPA
LTBO;27;C;CIRC ;266;1702;2400;Type A;2D;4;NPA
LTBO;27;C;ALTN ;266;1033;3400;NULL;NULL;NULL;NULL
LTBO;27;D;ALTN ;266;1033;3400;NULL;NULL;NULL;NULL
LTBO;27;D;CIRC ;266;1702;3600;Type A;2D;4;NPA
LTBO;ALL ;C;ETOPS;0;1233;3900;NULL;NULL;NULL;NULL
LTBO;ALL ;D;ETOPS;0;1233;3900;NULL;NULL;NULL;NULL
LTBQ;9;C;CIRC ;90;1612;2400;Type A;2D;4;NPA
LTBQ;9;C;RNAV ;91;566;2600;Type A;2D;1;NPA
LTBQ;9;D;RNAV ;91;566;2600;Type A;2D;1;NPA
LTBQ;9;C;ALTN ;90;766;3600;NULL;NULL;NULL;NULL
LTBQ;9;D;ALTN ;90;766;3600;NULL;NULL;NULL;NULL
LTBQ;9;D;CIRC ;90;1612;3600;Type A;2D;4;NPA
LTBQ;27;C;ILS  ;270;318;700;Type A;3D;0;PA
LTBQ;27;D;ILS  ;270;318;700;Type A;3D;0;PA
LTBQ;27;C;ALTN ;270;518;1500;NULL;NULL;NULL;NULL
LTBQ;27;D;ALTN ;270;518;1500;NULL;NULL;NULL;NULL
LTBQ;27;C;LOC  ;271;808;2400;Type A;2D;1;NPA
LTBQ;27;D;LOC  ;271;808;2400;Type A;2D;1;NPA
LTBQ;27;C;CIRC ;270;1612;2400;Type A;2D;4;NPA
LTBQ;27;D;CIRC ;270;1612;3600;Type A;2D;4;NPA
LTBQ;ALL ;C;ETOPS;0;518;1500;NULL;NULL;NULL;NULL
LTBQ;ALL ;D;ETOPS;0;518;1500;NULL;NULL;NULL;NULL
LTBR;07L ;C;CIRC ;0;2237;2400;Type A;2D;4;NPA
LTBR;07L ;D;CIRC ;69;2237;3600;Type A;2D;4;NPA
LTBR;07R ;C;CIRC ;0;2237;2400;Type A;2D;4;NPA
LTBR;07R ;D;CIRC ;69;2237;3600;Type A;2D;4;NPA
LTBR;25L ;C;CIRC ;0;2237;2400;Type A;2D;4;NPA
LTBR;25L ;D;CIRC ;249;2237;3600;Type A;2D;4;NPA
LTBR;25R ;D;ILSY ;249;210;550;Type B;3D;0;PA
LTBR;25R ;D;ILSZ ;249;210;550;Type B;3D;0;PA
LTBR;25R ;C;ILSY ;249;210;550;Type B;3D;0;PA
LTBR;25R ;C;ILSZ ;249;210;550;Type B;3D;0;PA
LTBR;25R ;C;ALTN ;249;360;1000;NULL;NULL;NULL;NULL
LTBR;25R ;D;ALTN ;249;360;1000;NULL;NULL;NULL;NULL
LTBR;25R ;C;NDBZ ;249;951;2400;Type A;2D;3;NPA
LTBR;25R ;C;VORZ ;249;951;2400;Type A;2D;2;NPA
LTBR;25R ;D;NDBZ ;249;951;2400;Type A;2D;3;NPA
LTBR;25R ;D;VORZ ;249;951;2400;Type A;2D;2;NPA
LTBR;25R ;C;LOCY ;249;1001;2400;Type A;2D;1;NPA
LTBR;25R ;C;LOCZ ;249;1001;2400;Type A;2D;1;NPA
LTBR;25R ;D;LOCY ;249;1001;2400;Type A;2D;1;NPA
LTBR;25R ;D;LOCZ ;249;1001;2400;Type A;2D;1;NPA
LTBR;25R ;C;CIRC ;0;2237;2400;Type A;2D;4;NPA
LTBR;25R ;D;CIRC ;249;2237;3600;Type A;2D;4;NPA
LTBR;ALL ;C;ETOPS;0;410;1350;NULL;NULL;NULL;NULL
LTBR;ALL ;D;ETOPS;0;410;1350;NULL;NULL;NULL;NULL
LTBS;1;C;ILSY ;11;200;550;Type B;3D;0;PA
LTBS;1;C;ILSZ ;11;200;550;Type B;3D;0;PA
LTBS;1;D;ILSY ;11;200;550;Type B;3D;0;PA
LTBS;1;D;ILSZ ;11;200;550;Type B;3D;0;PA
LTBS;1;C;ALTN ;10;350;1000;NULL;NULL;NULL;NULL
LTBS;1;D;ALTN ;10;350;1000;NULL;NULL;NULL;NULL
LTBS;1;C;LOCY ;10;890;2400;Type A;2D;1;NPA
LTBS;1;C;LOCZ ;10;890;2400;Type A;2D;1;NPA
LTBS;1;D;LOCY ;10;890;2400;Type A;2D;1;NPA
LTBS;1;D;LOCZ ;10;890;2400;Type A;2D;1;NPA
LTBS;1;C;VORZ ;10;890;2400;Type A;2D;2;NPA
LTBS;1;D;VORZ ;10;890;2400;Type A;2D;2;NPA
LTBS;1;C;NDBY ;10;1190;2400;Type A;2D;3;NPA
LTBS;1;C;NDBZ ;10;1190;2400;Type A;2D;3;NPA
LTBS;1;C;VORY ;10;1190;2400;Type A;2D;2;NPA
LTBS;1;D;NDBY ;10;1190;2400;Type A;2D;3;NPA
LTBS;1;D;NDBZ ;10;1190;2400;Type A;2D;3;NPA
LTBS;1;D;VORY ;10;1190;2400;Type A;2D;2;NPA
LTBS;1;C;CIRC ;10;1580;2400;Type A;2D;4;NPA
LTBS;1;D;CIRC ;10;2290;3600;Type A;2D;4;NPA
LTBS;19;D;RNAV ;191;1000;2400;Type A;2D;1;NPA
LTBS;19;C;RNAV ;191;1000;2400;Type A;2D;1;NPA
LTBS;19;C;CIRC ;191;1580;2400;Type A;2D;4;NPA
LTBS;19;C;LOC  ;190;700;2800;Type A;2D;1;NPA
LTBS;19;D;LOC  ;190;700;2800;Type A;2D;1;NPA
LTBS;19;C;ALTN ;191;1200;3400;NULL;NULL;NULL;NULL
LTBS;19;D;ALTN ;191;1200;3400;NULL;NULL;NULL;NULL
LTBS;19;D;CIRC ;191;2290;3600;Type A;2D;4;NPA
LTBS;ALL ;C;ETOPS;0;400;1350;NULL;NULL;NULL;NULL
LTBS;ALL ;D;ETOPS;0;400;1350;NULL;NULL;NULL;NULL
LTBU;4;C;ILSZ ;44;222;550;Type B;3D;0;PA
LTBU;4;D;ILSZ ;44;222;550;Type B;3D;0;PA
LTBU;4;C;ILSX ;43;222;550;Type B;3D;0;PA
LTBU;4;D;ILSX ;43;222;550;Type B;3D;0;PA
LTBU;4;C;LOCZ ;44;342;900;Type A;2D;1;NPA
LTBU;4;D;LOCZ ;44;342;900;Type A;2D;1;NPA
LTBU;4;C;ALTN ;43;372;1000;NULL;NULL;NULL;NULL
LTBU;4;D;ALTN ;43;372;1000;NULL;NULL;NULL;NULL
LTBU;4;C;NDBZ ;0;392;1100;Type A;2D;3;NPA
LTBU;4;C;VORZ ;0;392;1100;Type A;2D;2;NPA
LTBU;4;D;NDBZ ;0;392;1100;Type A;2D;3;NPA
LTBU;4;D;VORZ ;0;392;1100;Type A;2D;2;NPA
LTBU;4;D;LOCX ;43;512;1600;Type A;2D;1;NPA
LTBU;4;C;LOCX ;43;512;1600;Type A;2D;1;NPA
LTBU;4;C;CIRC ;0;1130;2400;Type A;2D;4;NPA
LTBU;4;D;CIRC ;44;1130;3600;Type A;2D;4;NPA
LTBU;22;C;VORZ ;0;430;1600;Type A;2D;2;NPA
LTBU;22;D;VORZ ;0;430;1600;Type A;2D;2;NPA
LTBU;22;D;NDBZ ;0;480;1800;Type A;2D;3;NPA
LTBU;22;C;NDBZ ;0;480;1800;Type A;2D;3;NPA
LTBU;22;C;CIRC ;0;1130;2400;Type A;2D;4;NPA
LTBU;22;C;ALTN ;223;630;2600;NULL;NULL;NULL;NULL
LTBU;22;D;ALTN ;223;630;2600;NULL;NULL;NULL;NULL
LTBU;22;D;CIRC ;224;1130;3600;Type A;2D;4;NPA
LTBU;ALL ;C;ETOPS;0;422;1350;NULL;NULL;NULL;NULL
LTBU;ALL ;D;ETOPS;0;422;1350;NULL;NULL;NULL;NULL
LTBY;9;C;ILSZ ;87;201;550;Type B;3D;0;PA
LTBY;9;D;ILSZ ;87;201;550;Type B;3D;0;PA
LTBY;9;C;ALTN ;87;351;1000;NULL;NULL;NULL;NULL
LTBY;9;D;ALTN ;87;351;1000;NULL;NULL;NULL;NULL
LTBY;9;C;NDBY ;87;751;2400;Type A;2D;3;NPA
LTBY;9;C;VORY ;87;751;2400;Type A;2D;2;NPA
LTBY;9;C;LOCZ ;87;751;2400;Type A;2D;1;NPA
LTBY;9;D;LOCZ ;87;751;2400;Type A;2D;1;NPA
LTBY;9;D;VORY ;87;751;2400;Type A;2D;2;NPA
LTBY;9;D;NDBY ;87;751;2400;Type A;2D;3;NPA
LTBY;9;C;CIRC ;0;2201;2400;Type A;2D;4;NPA
LTBY;9;D;CIRC ;87;2801;3600;Type A;2D;4;NPA
LTBY;9;C;VORZ ;87;2001;5000;Type A;2D;2;NPA
LTBY;9;C;NDBZ ;87;2001;5000;Type A;2D;3;NPA
LTBY;9;D;NDBZ ;87;2001;5000;Type A;2D;3;NPA
LTBY;9;D;VORZ ;87;2001;5000;Type A;2D;2;NPA
LTBY;ALL ;C;ETOPS;0;401;1350;NULL;NULL;NULL;NULL
LTBY;ALL ;D;ETOPS;0;401;1350;NULL;NULL;NULL;NULL
LTBZ;13;C;CAT2 ;0;100;300;Type B;3D;0;PA
LTBZ;13;D;CAT2 ;0;100;300;Type B;3D;0;PA
LTBZ;13;C;ILSZ ;126;200;550;Type B;3D;0;PA
LTBZ;13;D;ILSZ ;126;200;550;Type B;3D;0;PA
LTBZ;13;C;ALTN ;126;250;750;NULL;NULL;NULL;NULL
LTBZ;13;D;ALTN ;126;250;750;NULL;NULL;NULL;NULL
LTBZ;13;C;LOCZ ;126;373;1000;Type A;2D;1;NPA
LTBZ;13;D;LOCZ ;126;373;1000;Type A;2D;1;NPA
LTBZ;13;C;DME  ;0;373;1000;Type A;2D;1;NPA
LTBZ;13;D;DME  ;0;373;1000;Type A;2D;1;NPA
LTBZ;13;D;NDB  ;0;403;1200;Type A;2D;3;NPA
LTBZ;13;C;NDB  ;0;403;1200;Type A;2D;3;NPA
LTBZ;13;C;RNAV ;126;533;1700;Type A;2D;1;NPA
LTBZ;13;D;RNAV ;126;533;1700;Type A;2D;1;NPA
LTBZ;13;C;CIRC ;0;1963;2400;Type A;2D;4;NPA
LTBZ;13;D;CIRC ;126;2293;3600;Type A;2D;4;NPA
LTBZ;31;C;CAT2 ;0;100;300;Type B;3D;0;PA
LTBZ;31;D;CAT2 ;0;100;300;Type B;3D;0;PA
LTBZ;31;C;ILSY ;306;200;550;Type B;3D;0;PA
LTBZ;31;C;ILSZ ;306;200;550;Type B;3D;0;PA
LTBZ;31;D;ILSY ;306;200;550;Type B;3D;0;PA
LTBZ;31;D;ILSZ ;306;200;550;Type B;3D;0;PA
LTBZ;31;C;ALTN ;306;250;750;NULL;NULL;NULL;NULL
LTBZ;31;D;ALTN ;306;250;750;NULL;NULL;NULL;NULL
LTBZ;31;C;RNAV ;306;593;2000;Type A;2D;1;NPA
LTBZ;31;D;RNAV ;306;593;2000;Type A;2D;1;NPA
LTBZ;31;C;LOCY ;306;673;2400;Type A;2D;1;NPA
LTBZ;31;C;LOCZ ;306;673;2400;Type A;2D;1;NPA
LTBZ;31;D;LOCY ;306;673;2400;Type A;2D;1;NPA
LTBZ;31;D;LOCZ ;306;673;2400;Type A;2D;1;NPA
LTBZ;31;C;DME  ;0;873;2400;Type A;2D;1;NPA
LTBZ;31;D;DME  ;0;873;2400;Type A;2D;1;NPA
LTBZ;31;D;NDB  ;0;1073;2400;Type A;2D;3;NPA
LTBZ;31;C;NDB  ;0;1073;2400;Type A;2D;3;NPA
LTBZ;31;C;CIRC ;0;1963;2400;Type A;2D;4;NPA
LTBZ;31;D;CIRC ;306;2293;3600;Type A;2D;4;NPA
LTBZ;ALL ;C;ETOPS;0;400;1350;NULL;NULL;NULL;NULL
LTBZ;ALL ;D;ETOPS;0;400;1350;NULL;NULL;NULL;NULL
LTCA;07L ;C;VORZ ;70;1172;2400;Type A;2D;2;NPA
LTCA;07L ;D;VORZ ;70;1172;2400;Type A;2D;2;NPA
LTCA;07L ;C;CIRC ;70;2272;2400;Type A;2D;4;NPA
LTCA;07L ;C;ALTN ;70;1372;3400;NULL;NULL;NULL;NULL
LTCA;07L ;D;ALTN ;70;1372;3400;NULL;NULL;NULL;NULL
LTCA;07L ;D;CIRC ;70;2772;3600;Type A;2D;4;NPA
LTCA;07R ;C;ILSZ ;70;220;800;Type B;3D;0;PA
LTCA;07R ;D;ILSZ ;70;220;800;Type B;3D;0;PA
LTCA;07R ;D;ALTN ;70;370;1250;NULL;NULL;NULL;NULL
LTCA;07R ;C;ALTN ;70;370;1250;NULL;NULL;NULL;NULL
LTCA;07R ;C;LOCZ ;70;756;2400;Type A;2D;1;NPA
LTCA;07R ;D;LOCZ ;70;756;2400;Type A;2D;1;NPA
LTCA;07R ;D;VORZ ;70;1076;2400;Type A;2D;2;NPA
LTCA;07R ;C;VORZ ;70;1076;2400;Type A;2D;2;NPA
LTCA;07R ;C;NDBZ ;70;1176;2400;Type A;2D;3;NPA
LTCA;07R ;D;NDBZ ;70;1176;2400;Type A;2D;3;NPA
LTCA;07R ;C;CIRC ;70;2272;2400;Type A;2D;4;NPA
LTCA;07R ;D;CIRC ;70;2772;3600;Type A;2D;4;NPA
LTCA;25L ;C;ILSY ;250;266;600;Type A;3D;0;PA
LTCA;25L ;C;ILSZ ;250;266;600;Type A;3D;0;PA
LTCA;25L ;D;ILSY ;250;266;600;Type A;3D;0;PA
LTCA;25L ;D;ILSZ ;250;266;600;Type A;3D;0;PA
LTCA;25L ;C;ILSX ;250;266;600;Type A;3D;0;PA
LTCA;25L ;D;ILSX ;250;266;600;Type A;3D;0;PA
LTCA;25L ;C;RNAV ;250;446;1400;Type A;2D;1;NPA
LTCA;25L ;D;RNAV ;250;446;1400;Type A;2D;1;NPA
LTCA;25L ;C;ALTN ;250;466;1400;NULL;NULL;NULL;NULL
LTCA;25L ;D;ALTN ;250;466;1400;NULL;NULL;NULL;NULL
LTCA;25L ;D;VORZ ;250;466;1500;Type A;2D;2;NPA
LTCA;25L ;C;VORZ ;250;466;1500;Type A;2D;2;NPA
LTCA;25L ;D;LOCY ;250;566;1900;Type A;2D;1;NPA
LTCA;25L ;D;LOCZ ;250;566;1900;Type A;2D;1;NPA
LTCA;25L ;D;NDBZ ;250;566;1900;Type A;2D;3;NPA
LTCA;25L ;C;LOCY ;250;566;1900;Type A;2D;1;NPA
LTCA;25L ;C;LOCZ ;250;566;1900;Type A;2D;1;NPA
LTCA;25L ;C;NDBZ ;250;566;1900;Type A;2D;3;NPA
LTCA;25L ;C;LOCX ;250;566;1900;Type A;2D;1;NPA
LTCA;25L ;D;LOCX ;250;566;1900;Type A;2D;1;NPA
LTCA;25L ;C;CIRC ;250;2272;2400;Type A;2D;4;NPA
LTCA;25L ;D;CIRC ;250;2772;3600;Type A;2D;4;NPA
LTCA;25R ;C;RNAV ;250;440;1600;Type A;2D;1;NPA
LTCA;25R ;D;RNAV ;250;440;1600;Type A;2D;1;NPA
LTCA;25R ;D;VORZ ;250;560;2100;Type A;2D;2;NPA
LTCA;25R ;C;VORZ ;250;560;2100;Type A;2D;2;NPA
LTCA;25R ;C;CIRC ;250;2272;2400;Type A;2D;4;NPA
LTCA;25R ;C;ALTN ;250;640;2600;NULL;NULL;NULL;NULL
LTCA;25R ;D;ALTN ;250;640;2600;NULL;NULL;NULL;NULL
LTCA;25R ;D;CIRC ;250;2772;3600;Type A;2D;4;NPA
LTCA;ALL ;C;ETOPS;0;466;1400;NULL;NULL;NULL;NULL
LTCA;ALL ;D;ETOPS;0;466;1400;NULL;NULL;NULL;NULL
LTCB;10;C;CIRC ;0;2089;2400;Type A;2D;4;NPA
LTCB;10;D;CIRC ;96;2089;3600;Type A;2D;4;NPA
LTCB;10;C;LOCZ ;96;1589;5000;Type A;2D;1;NPA
LTCB;10;D;LOCZ ;96;1589;5000;Type A;2D;1;NPA
LTCB;10;C;ALTN ;95;1789;6000;NULL;NULL;NULL;NULL
LTCB;10;D;ALTN ;95;1789;6000;NULL;NULL;NULL;NULL
LTCB;28;C;ILSZ ;0;675;2400;Type A;3D;0;PA
LTCB;28;D;ILSZ ;0;675;2400;Type A;3D;0;PA
LTCB;28;C;ILSY ;0;675;2400;Type A;3D;0;PA
LTCB;28;D;ILSY ;0;675;2400;Type A;3D;0;PA
LTCB;28;C;LOCZ ;276;959;2400;Type A;2D;1;NPA
LTCB;28;D;LOCZ ;276;959;2400;Type A;2D;1;NPA
LTCB;28;D;VORZ ;0;989;2400;Type A;2D;2;NPA
LTCB;28;C;VORZ ;0;989;2400;Type A;2D;2;NPA
LTCB;28;C;NDBZ ;276;1139;2400;Type A;2D;3;NPA
LTCB;28;D;NDBZ ;276;1139;2400;Type A;2D;3;NPA
LTCB;28;C;CIRC ;0;2089;2400;Type A;2D;4;NPA
LTCB;28;C;ALTN ;275;875;3200;NULL;NULL;NULL;NULL
LTCB;28;D;ALTN ;275;875;3200;NULL;NULL;NULL;NULL
LTCB;28;D;CIRC ;276;2089;3600;Type A;2D;4;NPA
LTCB;ALL ;C;ETOPS;0;875;3200;NULL;NULL;NULL;NULL
LTCB;ALL ;D;ETOPS;0;875;3200;NULL;NULL;NULL;NULL
LTCC;16L ;C;NDBZ ;157;789;2400;Type A;2D;3;NPA
LTCC;16L ;C;VORZ ;157;789;2400;Type A;2D;2;NPA
LTCC;16L ;D;NDBZ ;157;789;2400;Type A;2D;3;NPA
LTCC;16L ;D;VORZ ;157;789;2400;Type A;2D;2;NPA
LTCC;16L ;C;CIRC ;157;1290;2400;Type A;2D;4;NPA
LTCC;16L ;C;ALTN ;157;989;3400;NULL;NULL;NULL;NULL
LTCC;16L ;D;ALTN ;157;989;3400;NULL;NULL;NULL;NULL
LTCC;16L ;D;CIRC ;157;1290;3600;Type A;2D;4;NPA
LTCC;16R ;D;NDBZ ;157;800;2400;Type A;2D;3;NPA
LTCC;16R ;D;VORZ ;157;800;2400;Type A;2D;2;NPA
LTCC;16R ;C;NDBZ ;157;800;2400;Type A;2D;3;NPA
LTCC;16R ;C;VORZ ;157;800;2400;Type A;2D;2;NPA
LTCC;16R ;C;CIRC ;157;1290;2400;Type A;2D;4;NPA
LTCC;16R ;C;ALTN ;157;1000;3400;NULL;NULL;NULL;NULL
LTCC;16R ;D;ALTN ;157;1000;3400;NULL;NULL;NULL;NULL
LTCC;16R ;D;CIRC ;157;1290;3600;Type A;2D;4;NPA
LTCC;34L ;C;NDBZ ;337;625;2400;Type A;2D;3;NPA
LTCC;34L ;C;VORZ ;337;625;2400;Type A;2D;2;NPA
LTCC;34L ;D;NDBZ ;337;625;2400;Type A;2D;3;NPA
LTCC;34L ;D;VORZ ;337;625;2400;Type A;2D;2;NPA
LTCC;34L ;C;CIRC ;337;1290;2400;Type A;2D;4;NPA
LTCC;34L ;C;ALTN ;337;825;3400;NULL;NULL;NULL;NULL
LTCC;34L ;D;ALTN ;337;825;3400;NULL;NULL;NULL;NULL
LTCC;34L ;D;CIRC ;337;1290;3600;Type A;2D;4;NPA
LTCC;34L ;D;VORY ;337;1375;5000;Type A;2D;2;NPA
LTCC;34L ;D;NDBY ;337;1375;5000;Type A;2D;3;NPA
LTCC;34L ;C;VORY ;337;1375;5000;Type A;2D;2;NPA
LTCC;34L ;C;NDBY ;337;1375;5000;Type A;2D;3;NPA
LTCC;34R ;D;ILSZ ;337;200;550;Type B;3D;0;PA
LTCC;34R ;C;ILSZ ;337;200;550;Type B;3D;0;PA
LTCC;34R ;C;ALTN ;337;350;1000;NULL;NULL;NULL;NULL
LTCC;34R ;D;ALTN ;337;350;1000;NULL;NULL;NULL;NULL
LTCC;34R ;C;LOCZ ;337;624;2200;Type A;2D;1;NPA
LTCC;34R ;D;LOCZ ;337;624;2200;Type A;2D;1;NPA
LTCC;34R ;C;NDBZ ;337;624;2200;Type A;2D;3;NPA
LTCC;34R ;C;VORZ ;337;624;2200;Type A;2D;2;NPA
LTCC;34R ;D;NDBZ ;337;624;2200;Type A;2D;3;NPA
LTCC;34R ;D;VORZ ;337;624;2200;Type A;2D;2;NPA
LTCC;34R ;C;CIRC ;337;1290;2400;Type A;2D;4;NPA
LTCC;34R ;D;CIRC ;337;1290;3600;Type A;2D;4;NPA
LTCC;34R ;D;VORY ;337;1374;5000;Type A;2D;2;NPA
LTCC;34R ;D;NDBY ;337;1374;5000;Type A;2D;3;NPA
LTCC;34R ;C;VORY ;337;1374;5000;Type A;2D;2;NPA
LTCC;34R ;C;NDBY ;337;1374;5000;Type A;2D;3;NPA
LTCC;ALL ;C;ETOPS;0;400;1350;NULL;NULL;NULL;NULL
LTCC;ALL ;D;ETOPS;0;400;1350;NULL;NULL;NULL;NULL
LTCD;10;C;CIRC ;105;3709;2400;Type A;2D;4;NPA
LTCD;10;D;CIRC ;105;5009;3600;Type A;2D;4;NPA
LTCD;28;C;LOCZ ;285;430;1300;Type A;2D;1;NPA
LTCD;28;D;LOCZ ;285;430;1300;Type A;2D;1;NPA
LTCD;28;C;CIRC ;0;3709;2400;Type A;2D;4;NPA
LTCD;28;C;ALTN ;285;830;2800;NULL;NULL;NULL;NULL
LTCD;28;D;ALTN ;285;830;2800;NULL;NULL;NULL;NULL
LTCD;28;D;CIRC ;285;5009;3600;Type A;2D;4;NPA
LTCD;ALL ;C;ETOPS;0;830;2800;NULL;NULL;NULL;NULL
LTCD;ALL ;D;ETOPS;0;830;2800;NULL;NULL;NULL;NULL
LTCE;08L ;C;ILSY ;82;200;750;Type B;3D;0;PA
LTCE;08L ;C;ILSZ ;82;200;750;Type B;3D;0;PA
LTCE;08L ;D;ILSY ;82;200;750;Type B;3D;0;PA
LTCE;08L ;D;ILSZ ;82;200;750;Type B;3D;0;PA
LTCE;08L ;C;ALTN ;82;350;1200;NULL;NULL;NULL;NULL
LTCE;08L ;D;ALTN ;82;350;1200;NULL;NULL;NULL;NULL
LTCE;08L ;C;LOCY ;82;637;2400;Type A;2D;1;NPA
LTCE;08L ;C;LOCZ ;82;637;2400;Type A;2D;1;NPA
LTCE;08L ;D;LOCY ;82;637;2400;Type A;2D;1;NPA
LTCE;08L ;D;LOCZ ;82;637;2400;Type A;2D;1;NPA
LTCE;08L ;D;NDBY ;82;737;2400;Type A;2D;3;NPA
LTCE;08L ;D;NDBZ ;82;737;2400;Type A;2D;3;NPA
LTCE;08L ;D;VORY ;82;737;2400;Type A;2D;2;NPA
LTCE;08L ;D;VORZ ;82;737;2400;Type A;2D;2;NPA
LTCE;08L ;C;NDBY ;82;737;2400;Type A;2D;3;NPA
LTCE;08L ;C;NDBZ ;82;737;2400;Type A;2D;3;NPA
LTCE;08L ;C;VORY ;82;737;2400;Type A;2D;2;NPA
LTCE;08L ;C;VORZ ;82;737;2400;Type A;2D;2;NPA
LTCE;08L ;C;CIRC ;0;1135;2400;Type A;2D;4;NPA
LTCE;08L ;D;CIRC ;82;2035;3600;Type A;2D;4;NPA
LTCE;08R ;C;NDBY ;82;736;2400;Type A;2D;3;NPA
LTCE;08R ;C;NDBZ ;82;736;2400;Type A;2D;3;NPA
LTCE;08R ;C;VORY ;82;736;2400;Type A;2D;2;NPA
LTCE;08R ;C;VORZ ;82;736;2400;Type A;2D;2;NPA
LTCE;08R ;D;NDBY ;82;736;2400;Type A;2D;3;NPA
LTCE;08R ;D;NDBZ ;82;736;2400;Type A;2D;3;NPA
LTCE;08R ;D;VORY ;82;736;2400;Type A;2D;2;NPA
LTCE;08R ;D;VORZ ;82;736;2400;Type A;2D;2;NPA
LTCE;08R ;C;CIRC ;82;1135;2400;Type A;2D;4;NPA
LTCE;08R ;C;ALTN ;82;936;3400;NULL;NULL;NULL;NULL
LTCE;08R ;D;ALTN ;82;936;3400;NULL;NULL;NULL;NULL
LTCE;08R ;D;CIRC ;82;2035;3600;Type A;2D;4;NPA
LTCE;26L ;C;CIRC ;262;1135;2400;Type A;2D;4;NPA
LTCE;26L ;D;CIRC ;262;2035;3600;Type A;2D;4;NPA
LTCE;26R ;C;CAT3A;262;50;175;Type B;3D;0;PA
LTCE;26R ;D;CAT3A;262;50;175;Type B;3D;0;PA
LTCE;26R ;C;CAT2 ;262;126;400;Type B;3D;0;PA
LTCE;26R ;D;CAT2 ;262;126;400;Type B;3D;0;PA
LTCE;26R ;D;ILSX ;262;210;550;Type B;3D;0;PA
LTCE;26R ;C;ILSX ;262;210;550;Type B;3D;0;PA
LTCE;26R ;D;ALTN ;262;200;625;NULL;NULL;NULL;NULL
LTCE;26R ;C;ALTN ;262;200;625;NULL;NULL;NULL;NULL
LTCE;26R ;C;RNAV ;262;330;800;Type A;2D;1;NPA
LTCE;26R ;D;RNAV ;262;330;800;Type A;2D;1;NPA
LTCE;26R ;C;LOCX ;262;830;2400;Type A;2D;1;NPA
LTCE;26R ;D;LOCX ;262;830;2400;Type A;2D;1;NPA
LTCE;26R ;C;CIRC ;0;1135;2400;Type A;2D;4;NPA
LTCE;26R ;D;CIRC ;262;2035;3600;Type A;2D;4;NPA
LTCE;ALL ;C;ETOPS;0;410;1350;NULL;NULL;NULL;NULL
LTCE;ALL ;D;ETOPS;0;410;1350;NULL;NULL;NULL;NULL
LTCF;06L ;C;CIRC ;60;2611;2400;Type A;2D;4;NPA
LTCF;06L ;C;VORY ;60;626;2500;Type A;2D;2;NPA
LTCF;06L ;D;VORY ;60;626;2500;Type A;2D;2;NPA
LTCF;06L ;C;ALTN ;58;826;3500;NULL;NULL;NULL;NULL
LTCF;06L ;D;ALTN ;58;826;3500;NULL;NULL;NULL;NULL
LTCF;06L ;D;CIRC ;60;2611;3600;Type A;2D;4;NPA
LTCF;06R ;C;ILSZ ;58;227;800;Type B;3D;0;PA
LTCF;06R ;D;ILSZ ;58;227;800;Type B;3D;0;PA
LTCF;06R ;C;ALTN ;58;377;1250;NULL;NULL;NULL;NULL
LTCF;06R ;D;ALTN ;58;377;1250;NULL;NULL;NULL;NULL
LTCF;06R ;C;LOCZ ;58;527;2000;Type A;2D;1;NPA
LTCF;06R ;D;LOCZ ;58;527;2000;Type A;2D;1;NPA
LTCF;06R ;D;RNAV ;58;627;2400;Type A;2D;1;NPA
LTCF;06R ;C;RNAV ;58;627;2400;Type A;2D;1;NPA
LTCF;06R ;C;CIRC ;0;2611;2400;Type A;2D;4;NPA
LTCF;06R ;C;VORZ ;58;627;2500;Type A;2D;2;NPA
LTCF;06R ;D;VORZ ;58;627;2500;Type A;2D;2;NPA
LTCF;06R ;D;CIRC ;58;2611;3600;Type A;2D;4;NPA
LTCF;24L ;C;RNAV ;238;710;2400;Type A;2D;1;NPA
LTCF;24L ;D;RNAV ;238;710;2400;Type A;2D;1;NPA
LTCF;24L ;C;CIRC ;238;2611;2400;Type A;2D;4;NPA
LTCF;24L ;C;ALTN ;238;910;3400;NULL;NULL;NULL;NULL
LTCF;24L ;D;ALTN ;238;910;3400;NULL;NULL;NULL;NULL
LTCF;24L ;D;CIRC ;238;2611;3600;Type A;2D;4;NPA
LTCF;24R ;D;RNAV ;238;708;2400;Type A;2D;1;NPA
LTCF;24R ;C;RNAV ;238;708;2400;Type A;2D;1;NPA
LTCF;24R ;C;CIRC ;240;2611;2400;Type A;2D;4;NPA
LTCF;24R ;C;ALTN ;238;908;3400;NULL;NULL;NULL;NULL
LTCF;24R ;D;ALTN ;238;908;3400;NULL;NULL;NULL;NULL
LTCF;24R ;D;CIRC ;240;2611;3600;Type A;2D;4;NPA
LTCF;ALL ;C;ETOPS;0;427;1600;NULL;NULL;NULL;NULL
LTCF;ALL ;D;ETOPS;0;427;1600;NULL;NULL;NULL;NULL
LTCG;11;C;ILSY ;106;385;1400;Type A;3D;0;PA
LTCG;11;C;ILSZ ;106;385;1400;Type A;3D;0;PA
LTCG;11;D;ILSY ;106;385;1400;Type A;3D;0;PA
LTCG;11;D;ILSZ ;106;385;1400;Type A;3D;0;PA
LTCG;11;C;ALTN ;106;585;2200;NULL;NULL;NULL;NULL
LTCG;11;D;ALTN ;106;585;2200;NULL;NULL;NULL;NULL
LTCG;11;D;LOCY ;106;645;2400;Type A;2D;1;NPA
LTCG;11;D;LOCZ ;106;645;2400;Type A;2D;1;NPA
LTCG;11;C;LOCY ;106;645;2400;Type A;2D;1;NPA
LTCG;11;C;LOCZ ;106;645;2400;Type A;2D;1;NPA
LTCG;11;C;CIRC ;106;1445;2400;Type A;2D;4;NPA
LTCG;11;D;CIRC ;106;1445;3600;Type A;2D;4;NPA
LTCG;29;D;LOCY ;286;814;2400;Type A;2D;1;NPA
LTCG;29;D;LOCZ ;286;814;2400;Type A;2D;1;NPA
LTCG;29;C;LOCY ;286;814;2400;Type A;2D;1;NPA
LTCG;29;C;LOCZ ;286;814;2400;Type A;2D;1;NPA
LTCG;29;C;CIRC ;286;1445;2400;Type A;2D;4;NPA
LTCG;29;C;ALTN ;286;1014;3400;NULL;NULL;NULL;NULL
LTCG;29;D;ALTN ;286;1014;3400;NULL;NULL;NULL;NULL
LTCG;29;D;CIRC ;286;1445;3600;Type A;2D;4;NPA
LTCG;ALL ;C;ETOPS;0;585;2200;NULL;NULL;NULL;NULL
LTCG;ALL ;D;ETOPS;0;585;2200;NULL;NULL;NULL;NULL
LTCI;3;C;RNAV ;0;463;1800;Type A;2D;1;NPA
LTCI;3;D;RNAV ;0;463;1800;Type A;2D;1;NPA
LTCI;3;C;LOC  ;32;503;1900;Type A;2D;1;NPA
LTCI;3;D;LOC  ;32;503;1900;Type A;2D;1;NPA
LTCI;3;C;CIRC ;0;1427;2400;Type A;2D;4;NPA
LTCI;3;C;ALTN ;32;703;2900;NULL;NULL;NULL;NULL
LTCI;3;D;ALTN ;32;703;2900;NULL;NULL;NULL;NULL
LTCI;3;D;CIRC ;32;1727;3600;Type A;2D;4;NPA
LTCI;21;C;CIRC ;0;1427;2400;Type A;2D;4;NPA
LTCI;21;D;CIRC ;212;1727;3600;Type A;2D;4;NPA
LTCI;ALL ;C;ETOPS;0;863;3300;NULL;NULL;NULL;NULL
LTCI;ALL ;D;ETOPS;0;863;3300;NULL;NULL;NULL;NULL
LTCJ;2;C;ILSX ;0;221;550;Type B;3D;0;PA
LTCJ;2;C;ILSY ;0;221;550;Type B;3D;0;PA
LTCJ;2;C;ILSZ ;0;221;550;Type B;3D;0;PA
LTCJ;2;D;ILSX ;0;221;550;Type B;3D;0;PA
LTCJ;2;D;ILSY ;0;221;550;Type B;3D;0;PA
LTCJ;2;D;ILSZ ;0;221;550;Type B;3D;0;PA
LTCJ;2;C;ALTN ;20;371;1000;NULL;NULL;NULL;NULL
LTCJ;2;D;ALTN ;20;371;1000;NULL;NULL;NULL;NULL
LTCJ;2;C;LOCX ;20;511;1600;Type A;2D;1;NPA
LTCJ;2;C;LOCY ;20;511;1600;Type A;2D;1;NPA
LTCJ;2;C;LOCZ ;20;511;1600;Type A;2D;1;NPA
LTCJ;2;D;LOCX ;20;511;1600;Type A;2D;1;NPA
LTCJ;2;D;LOCY ;20;511;1600;Type A;2D;1;NPA
LTCJ;2;D;LOCZ ;20;511;1600;Type A;2D;1;NPA
LTCJ;2;D;NDBZ ;0;511;1600;Type A;2D;3;NPA
LTCJ;2;D;VORZ ;0;511;1600;Type A;2D;2;NPA
LTCJ;2;C;NDBZ ;0;511;1600;Type A;2D;3;NPA
LTCJ;2;C;VORZ ;0;511;1600;Type A;2D;2;NPA
LTCJ;2;C;CIRC ;20;1169;2400;Type A;2D;4;NPA
LTCJ;2;D;CIRC ;20;1169;3600;Type A;2D;4;NPA
LTCJ;20;D;VORZ ;200;582;2400;Type A;2D;2;NPA
LTCJ;20;C;VORZ ;200;582;2400;Type A;2D;2;NPA
LTCJ;20;D;NDBZ ;200;702;2400;Type A;2D;3;NPA
LTCJ;20;C;NDBZ ;200;702;2400;Type A;2D;3;NPA
LTCJ;20;C;CIRC ;200;1169;2400;Type A;2D;4;NPA
LTCJ;20;C;ALTN ;200;782;3400;NULL;NULL;NULL;NULL
LTCJ;20;D;ALTN ;200;782;3400;NULL;NULL;NULL;NULL
LTCJ;20;D;CIRC ;200;1169;3600;Type A;2D;4;NPA
LTCJ;ALL ;C;ETOPS;0;421;1350;NULL;NULL;NULL;NULL
LTCJ;ALL ;D;ETOPS;0;421;1350;NULL;NULL;NULL;NULL
LTCK;11L ;C;NDBZ ;0;745;2400;Type A;2D;3;NPA
LTCK;11L ;C;VORZ ;0;745;2400;Type A;2D;2;NPA
LTCK;11L ;D;NDBZ ;0;745;2400;Type A;2D;3;NPA
LTCK;11L ;D;VORZ ;0;745;2400;Type A;2D;2;NPA
LTCK;11L ;C;CIRC ;0;1143;2400;Type A;2D;4;NPA
LTCK;11L ;C;ALTN ;110;945;3400;NULL;NULL;NULL;NULL
LTCK;11L ;D;ALTN ;110;945;3400;NULL;NULL;NULL;NULL
LTCK;11L ;D;CIRC ;111;1363;3600;Type A;2D;4;NPA
LTCK;11R ;C;CIRC ;0;1143;2400;Type A;2D;4;NPA
LTCK;11R ;D;CIRC ;111;1363;3600;Type A;2D;4;NPA
LTCK;29L ;C;CIRC ;0;1143;2400;Type A;2D;4;NPA
LTCK;29L ;D;CIRC ;291;1363;3600;Type A;2D;4;NPA
LTCK;29R ;C;ILSZ ;0;203;550;Type B;3D;0;PA
LTCK;29R ;D;ILSZ ;0;203;550;Type B;3D;0;PA
LTCK;29R ;C;ALTN ;290;353;1000;NULL;NULL;NULL;NULL
LTCK;29R ;D;ALTN ;290;353;1000;NULL;NULL;NULL;NULL
LTCK;29R ;D;NDBZ ;0;443;1400;Type A;2D;3;NPA
LTCK;29R ;D;VORZ ;0;443;1400;Type A;2D;2;NPA
LTCK;29R ;C;LOCZ ;291;443;1400;Type A;2D;1;NPA
LTCK;29R ;D;LOCZ ;291;443;1400;Type A;2D;1;NPA
LTCK;29R ;C;NDBZ ;0;443;1400;Type A;2D;3;NPA
LTCK;29R ;C;VORZ ;0;443;1400;Type A;2D;2;NPA
LTCK;29R ;C;CIRC ;0;1143;2400;Type A;2D;4;NPA
LTCK;29R ;D;CIRC ;291;1363;3600;Type A;2D;4;NPA
LTCK;ALL ;C;ETOPS;0;403;1350;NULL;NULL;NULL;NULL
LTCK;ALL ;D;ETOPS;0;403;1350;NULL;NULL;NULL;NULL
LTCL;6;C;CIRC ;0;2500;2400;Type A;2D;4;NPA
LTCL;6;D;CIRC ;62;2500;3600;Type A;2D;4;NPA
LTCL;6;C;LOCZ ;62;1666;5000;Type A;2D;1;NPA
LTCL;6;D;LOCZ ;62;1666;5000;Type A;2D;1;NPA
LTCL;6;C;ALTN ;62;2066;6500;NULL;NULL;0;NULL
LTCL;24;C;CIRC ;0;2500;2400;Type A;2D;4;NPA
LTCL;24;D;CIRC ;242;2500;3600;Type A;2D;4;NPA
LTCL;ALL ;C;ETOPS;0;2066;6500;NULL;NULL;0;NULL
LTCL;ALL ;D;ETOPS;0;2066;6500;NULL;NULL;0;NULL
LTCM;5;C;CIRC ;47;1218;2400;Type A;2D;4;NPA
LTCM;5;D;CIRC ;47;1218;3600;Type A;2D;4;NPA
LTCM;23;C;ILSZ ;0;248;1000;Type B;3D;0;PA
LTCM;23;D;ILSZ ;0;248;1000;Type B;3D;0;PA
LTCM;23;C;ALTN ;227;398;1450;NULL;NULL;NULL;NULL
LTCM;23;C;LOCZ ;227;438;1800;Type A;2D;1;NPA
LTCM;23;D;LOCZ ;227;438;1800;Type A;2D;1;NPA
LTCM;23;C;NDBY ;227;758;2400;Type A;2D;3;NPA
LTCM;23;C;VORY ;227;758;2400;Type A;2D;2;NPA
LTCM;23;D;NDBY ;227;758;2400;Type A;2D;3;NPA
LTCM;23;D;VORY ;227;758;2400;Type A;2D;2;NPA
LTCM;23;C;CIRC ;227;1218;2400;Type A;2D;4;NPA
LTCM;23;D;CIRC ;227;1218;3600;Type A;2D;4;NPA
LTCM;ALL ;C;ETOPS;0;448;1800;NULL;NULL;NULL;NULL
LTCM;ALL ;D;ETOPS;0;448;1800;NULL;NULL;NULL;NULL
LTCN;7;C;RNAV ;69;603;2400;Type A;2D;1;NPA
LTCN;7;D;RNAV ;69;603;2400;Type A;2D;1;NPA
LTCN;7;C;CIRC ;0;1676;2400;Type A;2D;4;NPA
LTCN;7;D;ALTN ;69;950;3400;NULL;NULL;NULL;NULL
LTCN;7;C;ALTN ;69;950;3400;NULL;NULL;NULL;NULL
LTCN;7;D;CIRC ;70;1676;3600;Type A;2D;4;NPA
LTCN;25;C;LOC  ;249;750;2400;Type A;2D;1;NPA
LTCN;25;D;LOC  ;249;750;2400;Type A;2D;1;NPA
LTCN;25;C;RNAV ;0;990;2400;Type A;2D;1;NPA
LTCN;25;D;RNAV ;0;990;2400;Type A;2D;1;NPA
LTCN;25;C;CIRC ;0;1676;2400;Type A;2D;4;NPA
LTCN;25;D;ALTN ;250;950;3400;NULL;NULL;NULL;NULL
LTCN;25;C;ALTN ;249;950;3400;NULL;NULL;NULL;NULL
LTCN;25;D;CIRC ;250;1676;3600;Type A;2D;4;NPA
LTCN;ALL ;C;ETOPS;0;1003;3900;NULL;NULL;NULL;NULL
LTCN;ALL ;D;ETOPS;0;1003;3900;NULL;NULL;NULL;NULL
LTCO;16;C;ILSZ ;159;248;550;Type B;3D;0;PA
LTCO;16;D;ILSZ ;159;248;550;Type B;3D;0;PA
LTCO;16;D;ALTN ;159;398;1000;NULL;NULL;NULL;NULL
LTCO;16;C;ALTN ;159;398;1000;NULL;NULL;NULL;NULL
LTCO;16;C;LOCZ ;159;768;2400;Type A;2D;1;NPA
LTCO;16;C;NDBZ ;159;768;2400;Type A;2D;3;NPA
LTCO;16;C;VORZ ;159;768;2400;Type A;2D;2;NPA
LTCO;16;D;LOCZ ;159;768;2400;Type A;2D;1;NPA
LTCO;16;D;NDBZ ;159;768;2400;Type A;2D;3;NPA
LTCO;16;D;VORZ ;159;768;2400;Type A;2D;2;NPA
LTCO;16;C;CIRC ;159;2269;2400;Type A;2D;4;NPA
LTCO;16;D;CIRC ;159;2269;3600;Type A;2D;4;NPA
LTCO;34;C;NDBZ ;339;799;2400;Type A;2D;3;NPA
LTCO;34;D;NDBZ ;339;799;2400;Type A;2D;3;NPA
LTCO;34;D;VORZ ;339;799;2400;Type A;2D;2;NPA
LTCO;34;C;VORZ ;339;799;2400;Type A;2D;2;NPA
LTCO;34;C;CIRC ;0;1939;2400;Type A;2D;4;NPA
LTCO;34;C;ALTN ;339;999;3400;NULL;NULL;NULL;NULL
LTCO;34;D;ALTN ;339;999;3400;NULL;NULL;NULL;NULL
LTCO;34;D;CIRC ;339;1939;3600;Type A;2D;4;NPA
LTCO;ALL ;C;ETOPS;0;448;1350;NULL;NULL;NULL;NULL
LTCO;ALL ;D;ETOPS;0;448;1350;NULL;NULL;NULL;NULL
LTCP;4;C;ILSZ ;43;230;1200;Type B;3D;0;PA
LTCP;4;D;ILSZ ;43;230;1200;Type B;3D;0;PA
LTCP;4;C;RNAV ;43;313;1400;Type A;2D;1;NPA
LTCP;4;D;RNAV ;43;313;1400;Type A;2D;1;NPA
LTCP;4;C;ALTN ;43;380;1650;NULL;NULL;NULL;NULL
LTCP;4;D;ALTN ;43;380;1650;NULL;NULL;NULL;NULL
LTCP;4;C;LOCY ;43;403;1900;Type A;2D;1;NPA
LTCP;4;D;LOCY ;43;403;1900;Type A;2D;1;NPA
LTCP;4;C;LOCW ;43;403;1900;Type A;2D;1;NPA
LTCP;4;D;LOCW ;43;403;1900;Type A;2D;1;NPA
LTCP;4;D;NDBY ;43;503;2400;Type A;2D;3;NPA
LTCP;4;D;NDBZ ;43;503;2400;Type A;2D;3;NPA
LTCP;4;D;VORY ;43;503;2400;Type A;2D;2;NPA
LTCP;4;D;VORZ ;43;503;2400;Type A;2D;2;NPA
LTCP;4;C;NDBY ;43;503;2400;Type A;2D;3;NPA
LTCP;4;C;NDBZ ;43;503;2400;Type A;2D;3;NPA
LTCP;4;C;VORY ;43;503;2400;Type A;2D;2;NPA
LTCP;4;C;VORZ ;43;503;2400;Type A;2D;2;NPA
LTCP;4;C;CIRC ;44;1086;2400;Type A;2D;4;NPA
LTCP;4;D;CIRC ;44;1086;3600;Type A;2D;4;NPA
LTCP;22;C;RNAV ;0;305;1400;Type A;2D;1;NPA
LTCP;22;D;RNAV ;0;305;1400;Type A;2D;1;NPA
LTCP;22;C;CIRC ;224;1086;2400;Type A;2D;4;NPA
LTCP;22;C;ALTN ;223;603;2900;NULL;NULL;NULL;NULL
LTCP;22;D;ALTN ;223;603;2900;NULL;NULL;NULL;NULL
LTCP;22;D;CIRC ;224;1086;3600;Type A;2D;4;NPA
LTCP;ALL ;C;ETOPS;0;430;2000;NULL;NULL;NULL;NULL
LTCP;ALL ;D;ETOPS;0;430;2000;NULL;NULL;NULL;NULL
LTCR;3;C;ILSZ ;0;200;550;Type B;3D;0;PA
LTCR;3;D;ILSZ ;0;200;550;Type B;3D;0;PA
LTCR;3;C;ALTN ;32;350;1000;NULL;NULL;NULL;NULL
LTCR;3;D;ALTN ;32;350;1000;NULL;NULL;NULL;NULL
LTCR;3;C;NDBY ;32;447;1400;Type A;2D;3;NPA
LTCR;3;C;NDBZ ;32;447;1400;Type A;2D;3;NPA
LTCR;3;C;VORY ;32;447;1400;Type A;2D;2;NPA
LTCR;3;C;VORZ ;32;447;1400;Type A;2D;2;NPA
LTCR;3;D;NDBY ;32;447;1400;Type A;2D;3;NPA
LTCR;3;D;NDBZ ;32;447;1400;Type A;2D;3;NPA
LTCR;3;D;VORY ;32;447;1400;Type A;2D;2;NPA
LTCR;3;D;VORZ ;32;447;1400;Type A;2D;2;NPA
LTCR;3;C;LOCZ ;32;447;1400;Type A;2D;1;NPA
LTCR;3;D;LOCZ ;32;447;1400;Type A;2D;1;NPA
LTCR;3;C;CIRC ;32;1873;2400;Type A;2D;4;NPA
LTCR;3;D;CIRC ;32;1873;3600;Type A;2D;4;NPA
LTCR;21;C;CIRC ;212;1873;2400;Type A;2D;4;NPA
LTCR;21;D;CIRC ;212;1873;3600;Type A;2D;4;NPA
LTCR;ALL ;C;ETOPS;0;400;1350;NULL;NULL;NULL;NULL
LTCR;ALL ;D;ETOPS;0;400;1350;NULL;NULL;NULL;NULL
LTCS;4;C;CAT2 ;36;130;400;Type B;3D;0;PA
LTCS;4;D;CAT2 ;36;130;400;Type B;3D;0;PA
LTCS;4;D;ILSY ;36;205;750;Type B;3D;0;PA
LTCS;4;D;ILSZ ;36;205;750;Type B;3D;0;PA
LTCS;4;C;ILSY ;36;205;750;Type B;3D;0;PA
LTCS;4;C;ILSZ ;36;205;750;Type B;3D;0;PA
LTCS;4;C;ALTN ;36;280;850;NULL;NULL;NULL;NULL
LTCS;4;D;ALTN ;36;280;850;NULL;NULL;NULL;NULL
LTCS;4;C;DME  ;0;423;1600;Type A;2D;1;NPA
LTCS;4;C;NDB  ;0;423;1600;Type A;2D;3;NPA
LTCS;4;C;LOCY ;36;423;1600;Type A;2D;1;NPA
LTCS;4;C;LOCZ ;36;423;1600;Type A;2D;1;NPA
LTCS;4;D;LOCY ;36;423;1600;Type A;2D;1;NPA
LTCS;4;D;LOCZ ;36;423;1600;Type A;2D;1;NPA
LTCS;4;D;DME  ;0;423;1600;Type A;2D;1;NPA
LTCS;4;D;NDB  ;0;423;1600;Type A;2D;3;NPA
LTCS;4;D;VOR  ;0;473;1800;Type A;2D;2;NPA
LTCS;4;C;VOR  ;0;473;1800;Type A;2D;2;NPA
LTCS;4;C;CIRC ;0;1042;2400;Type A;2D;4;NPA
LTCS;4;D;CIRC ;36;1042;3600;Type A;2D;4;NPA
LTCS;22;C;ILSZ ;216;210;550;Type B;3D;0;PA
LTCS;22;D;ILSZ ;216;210;550;Type B;3D;0;PA
LTCS;22;D;ALTN ;216;360;1000;NULL;NULL;NULL;NULL
LTCS;22;C;ALTN ;216;360;1000;NULL;NULL;NULL;NULL
LTCS;22;C;LOCZ ;216;392;1100;Type A;2D;1;NPA
LTCS;22;D;LOCZ ;216;392;1100;Type A;2D;1;NPA
LTCS;22;C;DME  ;0;392;1100;Type A;2D;1;NPA
LTCS;22;C;NDB  ;0;392;1100;Type A;2D;3;NPA
LTCS;22;C;VOR  ;0;392;1100;Type A;2D;2;NPA
LTCS;22;D;DME  ;0;392;1100;Type A;2D;1;NPA
LTCS;22;D;NDB  ;0;392;1100;Type A;2D;3;NPA
LTCS;22;D;VOR  ;0;392;1100;Type A;2D;2;NPA
LTCS;22;C;CIRC ;0;1042;2400;Type A;2D;4;NPA
LTCS;22;D;CIRC ;216;1042;3600;Type A;2D;4;NPA
LTCS;ALL ;C;ETOPS;0;410;1350;NULL;NULL;NULL;NULL
LTCS;ALL ;D;ETOPS;0;410;1350;NULL;NULL;NULL;NULL
LTCT;12;C;CIRC ;123;2098;2400;Type A;2D;4;NPA
LTCT;12;C;RNAV ;123;798;2900;Type A;2D;1;NPA
LTCT;12;D;RNAV ;123;798;2900;Type A;2D;1;NPA
LTCT;12;C;LOCY ;123;838;3100;Type A;2D;1;NPA
LTCT;12;C;LOCZ ;123;838;3100;Type A;2D;1;NPA
LTCT;12;D;LOCY ;123;838;3100;Type A;2D;1;NPA
LTCT;12;D;LOCZ ;123;838;3100;Type A;2D;1;NPA
LTCT;12;D;CIRC ;123;2098;3600;Type A;2D;4;NPA
LTCT;12;C;ALTN ;123;1038;4100;NULL;NULL;NULL;NULL
LTCT;12;D;ALTN ;123;1038;4100;NULL;NULL;NULL;NULL
LTCT;30;C;RNAV ;0;841;2400;Type A;2D;1;NPA
LTCT;30;D;RNAV ;0;841;2400;Type A;2D;1;NPA
LTCT;30;C;CIRC ;303;2098;2400;Type A;2D;4;NPA
LTCT;30;D;CIRC ;303;2098;3600;Type A;2D;4;NPA
LTCT;30;C;ALTN ;303;1241;3900;NULL;NULL;NULL;NULL
LTCT;30;D;ALTN ;303;1241;3900;NULL;NULL;NULL;NULL
LTCT;ALL ;C;ETOPS;0;1241;3900;NULL;NULL;NULL;NULL
LTCT;ALL ;D;ETOPS;0;1241;3900;NULL;NULL;NULL;NULL
LTCU;11;C;ILSZ ;115;300;900;Type A;3D;0;PA
LTCU;11;D;ILSZ ;115;300;900;Type A;3D;0;PA
LTCU;11;C;ALTN ;115;500;1700;NULL;NULL;NULL;NULL
LTCU;11;D;ALTN ;115;500;1700;NULL;NULL;NULL;NULL
LTCU;11;D;VORZ ;115;975;2400;Type A;2D;2;NPA
LTCU;11;C;VORZ ;115;975;2400;Type A;2D;2;NPA
LTCU;11;C;CIRC ;115;2608;2400;Type A;2D;4;NPA
LTCU;11;D;CIRC ;115;2608;3600;Type A;2D;4;NPA
LTCU;11;C;LOCZ ;115;1645;5000;Type A;2D;1;NPA
LTCU;11;D;LOCZ ;115;1645;5000;Type A;2D;1;NPA
LTCU;29;C;CIRC ;295;3408;2400;Type A;2D;4;NPA
LTCU;29;D;CIRC ;295;3408;3600;Type A;2D;4;NPA
LTCU;ALL ;C;ETOPS;0;500;1700;NULL;NULL;NULL;NULL
LTCU;ALL ;D;ETOPS;0;500;1700;NULL;NULL;NULL;NULL
LTCV;11;C;ILSY ;110;202;750;Type B;3D;0;PA
LTCV;11;C;ILSZ ;110;202;750;Type B;3D;0;PA
LTCV;11;D;ILSY ;110;202;750;Type B;3D;0;PA
LTCV;11;D;ILSZ ;110;202;750;Type B;3D;0;PA
LTCV;11;C;ALTN ;110;352;1200;NULL;NULL;NULL;NULL
LTCV;11;D;ALTN ;110;352;1200;NULL;NULL;NULL;NULL
LTCV;11;C;LOCY ;110;472;1800;Type A;2D;1;NPA
LTCV;11;C;LOCZ ;110;472;1800;Type A;2D;1;NPA
LTCV;11;D;LOCY ;110;472;1800;Type A;2D;1;NPA
LTCV;11;D;LOCZ ;110;472;1800;Type A;2D;1;NPA
LTCV;11;D;DME  ;110;562;2200;Type A;2D;1;NPA
LTCV;11;D;NDB  ;110;562;2200;Type A;2D;3;NPA
LTCV;11;C;DME  ;110;562;2200;Type A;2D;1;NPA
LTCV;11;C;NDB  ;110;562;2200;Type A;2D;3;NPA
LTCV;11;C;CIRC ;110;1459;2400;Type A;2D;4;NPA
LTCV;11;D;CIRC ;110;1459;3600;Type A;2D;4;NPA
LTCV;ALL ;C;ETOPS;0;402;1550;NULL;NULL;NULL;NULL
LTCV;ALL ;D;ETOPS;0;402;1550;NULL;NULL;NULL;NULL
LTCW;11;C;CIRC ;0;2664;2400;Type A;2D;4;NPA
LTCW;11;C;RNAV ;0;711;2600;Type A;2D;1;NPA
LTCW;11;D;RNAV ;0;711;2600;Type A;2D;1;NPA
LTCW;11;C;ALTN ;113;911;3600;NULL;NULL;NULL;NULL
LTCW;11;D;ALTN ;113;911;3600;NULL;NULL;NULL;NULL
LTCW;11;D;CIRC ;113;3324;3600;Type A;2D;4;NPA
LTCW;29;C;LOCZ ;293;664;2400;Type A;2D;1;NPA
LTCW;29;D;LOCZ ;293;664;2400;Type A;2D;1;NPA
LTCW;29;C;CIRC ;0;2664;2400;Type A;2D;4;NPA
LTCW;29;C;RNAV ;0;664;2900;Type A;2D;1;NPA
LTCW;29;D;RNAV ;0;664;2900;Type A;2D;1;NPA
LTCW;29;D;ALTN ;293;911;3600;NULL;NULL;NULL;NULL
LTCW;29;C;ALTN ;293;911;3600;NULL;NULL;NULL;NULL
LTCW;29;D;CIRC ;293;3324;3600;Type A;2D;4;NPA
LTCW;ALL ;C;ETOPS;0;1064;3900;NULL;NULL;NULL;NULL
LTCW;ALL ;D;ETOPS;0;1064;3900;NULL;NULL;NULL;NULL
LTDA;4;C;NDBZ ;37;454;1400;Type A;2D;3;NPA
LTDA;4;C;VORZ ;37;454;1400;Type A;2D;2;NPA
LTDA;4;D;NDBZ ;37;454;1400;Type A;2D;3;NPA
LTDA;4;D;VORZ ;37;454;1400;Type A;2D;2;NPA
LTDA;4;D;ALTN ;37;654;2400;NULL;NULL;NULL;NULL
LTDA;4;C;ALTN ;37;654;2400;NULL;NULL;NULL;NULL
LTDA;4;C;CIRC ;37;1941;2400;Type A;2D;4;NPA
LTDA;4;D;CIRC ;37;2601;3600;Type A;2D;4;NPA
LTDA;22;C;NDBZ ;217;391;1400;Type A;2D;3;NPA
LTDA;22;C;VORZ ;217;391;1400;Type A;2D;2;NPA
LTDA;22;D;NDBZ ;217;391;1400;Type A;2D;3;NPA
LTDA;22;D;VORZ ;217;391;1400;Type A;2D;2;NPA
LTDA;22;D;ALTN ;217;591;2400;NULL;NULL;NULL;NULL
LTDA;22;C;ALTN ;217;591;2400;NULL;NULL;NULL;NULL
LTDA;22;C;CIRC ;217;1941;2400;Type A;2D;4;NPA
LTDA;22;D;CIRC ;217;2601;3600;Type A;2D;4;NPA
LTDA;ALL ;C;ETOPS;0;791;2900;NULL;NULL;NULL;NULL
LTDA;ALL ;D;ETOPS;0;791;2900;NULL;NULL;NULL;NULL
LTDB;03L ;C;RNAVZ;26;614;2400;Type A;2D;NULL;NPA
LTDB;03L ;D;RNAVZ;26;614;2400;Type A;2D;NULL;NPA
LTDB;03L ;C;CIRC ;26;925;2400;Type A;2D;4;NPA
LTDB;03L ;C;NDBZ ;26;614;2600;Type A;2D;3;NPA
LTDB;03L ;D;NDBZ ;26;614;2600;Type A;2D;3;NPA
LTDB;03L ;C;VORZ ;26;614;2600;Type A;2D;2;NPA
LTDB;03L ;D;VORZ ;26;614;2600;Type A;2D;2;NPA
LTDB;03L ;D;ALTN ;26;814;3400;NULL;NULL;NULL;NULL
LTDB;03L ;C;ALTN ;26;814;3400;NULL;NULL;NULL;NULL
LTDB;03L ;D;CIRC ;26;925;3600;Type A;2D;4;NPA
LTDB;03R ;C;CAT2 ;26;100;300;Type B;3D;0;PA
LTDB;03R ;D;CAT2 ;26;100;300;Type B;3D;0;PA
LTDB;03R ;D;ILSY ;26;200;550;Type B;3D;0;PA
LTDB;03R ;D;ILSZ ;26;200;550;Type B;3D;0;PA
LTDB;03R ;C;ILSY ;26;200;550;Type B;3D;0;PA
LTDB;03R ;C;ILSZ ;26;200;550;Type B;3D;0;PA
LTDB;03R ;D;ALTN ;26;250;750;NULL;NULL;NULL;NULL
LTDB;03R ;C;ALTN ;26;250;750;NULL;NULL;NULL;NULL
LTDB;03R ;D;LOCY ;26;614;2100;Type A;2D;1;NPA
LTDB;03R ;D;LOCZ ;26;614;2100;Type A;2D;1;NPA
LTDB;03R ;D;NDBZ ;26;614;2100;Type A;2D;3;NPA
LTDB;03R ;D;RNAVZ;26;614;2100;Type A;2D;NULL;NPA
LTDB;03R ;D;VORZ ;26;614;2100;Type A;2D;2;NPA
LTDB;03R ;C;LOCY ;26;614;2100;Type A;2D;1;NPA
LTDB;03R ;C;LOCZ ;26;614;2100;Type A;2D;1;NPA
LTDB;03R ;C;NDBZ ;26;614;2100;Type A;2D;3;NPA
LTDB;03R ;C;RNAVZ;26;614;2100;Type A;2D;NULL;NPA
LTDB;03R ;C;VORZ ;26;614;2100;Type A;2D;2;NPA
LTDB;03R ;C;CIRC ;26;925;2400;Type A;2D;4;NPA
LTDB;03R ;D;CIRC ;26;925;3600;Type A;2D;4;NPA
LTDB;21L ;C;CAT2 ;206;100;300;Type B;3D;0;PA
LTDB;21L ;D;CAT2 ;206;100;300;Type B;3D;0;PA
LTDB;21L ;D;ILSY ;206;200;550;Type B;3D;0;PA
LTDB;21L ;D;ILSZ ;206;200;550;Type B;3D;0;PA
LTDB;21L ;C;ILSY ;206;200;550;Type B;3D;0;PA
LTDB;21L ;C;ILSZ ;206;200;550;Type B;3D;0;PA
LTDB;21L ;D;ALTN ;206;250;750;NULL;NULL;NULL;NULL
LTDB;21L ;C;ALTN ;206;250;750;NULL;NULL;NULL;NULL
LTDB;21L ;C;LOCY ;206;605;2100;Type A;2D;1;NPA
LTDB;21L ;C;LOCZ ;206;605;2100;Type A;2D;1;NPA
LTDB;21L ;C;NDBZ ;206;605;2100;Type A;2D;3;NPA
LTDB;21L ;C;RNAVZ;206;605;2100;Type A;2D;NULL;NPA
LTDB;21L ;C;VORZ ;206;605;2100;Type A;2D;2;NPA
LTDB;21L ;D;LOCY ;206;605;2100;Type A;2D;1;NPA
LTDB;21L ;D;LOCZ ;206;605;2100;Type A;2D;1;NPA
LTDB;21L ;D;NDBZ ;206;605;2100;Type A;2D;3;NPA
LTDB;21L ;D;RNAVZ;206;605;2100;Type A;2D;NULL;NPA
LTDB;21L ;D;VORZ ;206;605;2100;Type A;2D;2;NPA
LTDB;21L ;C;CIRC ;206;925;2400;Type A;2D;4;NPA
LTDB;21L ;D;CIRC ;206;925;3600;Type A;2D;4;NPA
LTDB;21R ;D;RNAVZ;206;605;2400;Type A;2D;NULL;NPA
LTDB;21R ;C;RNAVZ;206;605;2400;Type A;2D;NULL;NPA
LTDB;21R ;C;CIRC ;206;925;2400;Type A;2D;4;NPA
LTDB;21R ;C;NDBZ ;206;605;2600;Type A;2D;3;NPA
LTDB;21R ;D;VORZ ;206;605;2600;Type A;2D;2;NPA
LTDB;21R ;C;VORZ ;206;605;2600;Type A;2D;2;NPA
LTDB;21R ;D;NDBZ ;206;605;2600;Type A;2D;3;NPA
LTDB;21R ;D;ALTN ;206;805;3400;NULL;NULL;NULL;NULL
LTDB;21R ;C;ALTN ;206;805;3400;NULL;NULL;NULL;NULL
LTDB;21R ;D;CIRC ;206;925;3600;Type A;2D;4;NPA
LTDB;ALL ;C;ETOPS;0;400;1350;NULL;NULL;NULL;NULL
LTDB;ALL ;D;ETOPS;0;400;1350;NULL;NULL;NULL;NULL
LTFB;9;C;NDBY ;0;1992;5000;Type A;2D;3;NPA
LTFB;9;C;VORZ ;0;1992;5000;Type A;2D;2;NPA
LTFB;9;D;VORZ ;0;1992;5000;Type A;2D;2;NPA
LTFB;ALL ;C;ALTN ;0;2192;6000;NULL;NULL;NULL;NULL
LTFB;ALL ;D;ALTN ;0;2192;6000;NULL;NULL;NULL;NULL
LTFB;ALL ;D;ETOPS;0;2392;6500;NULL;NULL;NULL;NULL
LTFB;ALL ;C;ETOPS;0;2392;6500;NULL;NULL;NULL;NULL
LTFC;5;C;LOCZ ;44;674;2400;Type A;2D;1;NPA
LTFC;5;D;LOCZ ;44;674;2400;Type A;2D;1;NPA
LTFC;5;C;VORZ ;44;1074;2400;Type A;2D;2;NPA
LTFC;5;D;VORZ ;44;1074;2400;Type A;2D;2;NPA
LTFC;5;C;CIRC ;0;2615;2400;Type A;2D;4;NPA
LTFC;5;C;ALTN ;44;1274;3400;NULL;NULL;NULL;NULL
LTFC;5;D;ALTN ;44;1274;3400;NULL;NULL;NULL;NULL
LTFC;5;D;CIRC ;44;3065;3600;Type A;2D;4;NPA
LTFC;23;C;CIRC ;0;2615;2400;Type A;2D;4;NPA
LTFC;23;D;CIRC ;224;3065;3600;Type A;2D;4;NPA
LTFC;ALL ;C;ETOPS;0;1074;3900;NULL;NULL;NULL;NULL
LTFC;ALL ;D;ETOPS;0;1074;3900;NULL;NULL;NULL;NULL
LTFD;5;C;ILS  ;49;231;550;Type B;3D;0;PA
LTFD;5;D;ILS  ;49;231;550;Type B;3D;0;PA
LTFD;5;C;ALTN ;49;381;1000;NULL;NULL;NULL;NULL
LTFD;5;D;ALTN ;49;381;1000;NULL;NULL;NULL;NULL
LTFD;5;C;RNAV ;49;413;1200;Type A;2D;1;NPA
LTFD;5;D;RNAV ;49;413;1200;Type A;2D;1;NPA
LTFD;5;C;LOC  ;49;863;2400;Type A;2D;1;NPA
LTFD;5;D;LOC  ;49;863;2400;Type A;2D;1;NPA
LTFD;5;C;NDBZ ;49;863;2400;Type A;2D;3;NPA
LTFD;5;C;VORZ ;49;863;2400;Type A;2D;2;NPA
LTFD;5;D;NDBZ ;49;863;2400;Type A;2D;3;NPA
LTFD;5;D;VORZ ;49;863;2400;Type A;2D;2;NPA
LTFD;5;C;CIRC ;0;1449;2400;Type A;2D;4;NPA
LTFD;5;D;CIRC ;49;2649;3600;Type A;2D;4;NPA
LTFD;23;C;RNAV ;0;703;2400;Type A;2D;1;NPA
LTFD;23;D;RNAV ;0;703;2400;Type A;2D;1;NPA
LTFD;23;C;CIRC ;0;1449;2400;Type A;2D;4;NPA
LTFD;23;C;ALTN ;229;1063;3400;NULL;NULL;NULL;NULL
LTFD;23;D;ALTN ;229;1063;3400;NULL;NULL;NULL;NULL
LTFD;23;D;CIRC ;229;2649;3600;Type A;2D;4;NPA
LTFD;ALL ;C;ETOPS;0;431;1350;NULL;NULL;NULL;NULL
LTFD;ALL ;D;ETOPS;0;431;1350;NULL;NULL;NULL;NULL
LTFE;10L ;C;CAT2 ;101;122;400;Type B;3D;0;PA
LTFE;10L ;D;CAT2 ;101;122;400;Type B;3D;0;PA
LTFE;10L ;C;ILSZ ;102;204;550;Type B;3D;0;PA
LTFE;10L ;D;ILSZ ;102;204;550;Type B;3D;0;PA
LTFE;10L ;C;ALTN ;101;272;850;NULL;NULL;NULL;NULL
LTFE;10L ;D;ALTN ;101;272;850;NULL;NULL;NULL;NULL
LTFE;10L ;C;RNAV ;102;690;2400;Type A;2D;1;NPA
LTFE;10L ;D;RNAV ;102;690;2400;Type A;2D;1;NPA
LTFE;10L ;D;VORZ ;102;790;2400;Type A;2D;2;NPA
LTFE;10L ;C;LOCZ ;102;790;2400;Type A;2D;1;NPA
LTFE;10L ;D;LOCZ ;102;790;2400;Type A;2D;1;NPA
LTFE;10L ;C;VORZ ;102;790;2400;Type A;2D;2;NPA
LTFE;10L ;C;CIRC ;0;2029;2400;Type A;2D;4;NPA
LTFE;10L ;D;CIRC ;102;2029;3600;Type A;2D;4;NPA
LTFE;10R ;C;VORY ;102;790;2400;Type A;2D;2;NPA
LTFE;10R ;D;VORY ;102;790;2400;Type A;2D;2;NPA
LTFE;10R ;C;CIRC ;0;2029;2400;Type A;2D;4;NPA
LTFE;10R ;C;ALTN ;102;990;3400;NULL;NULL;NULL;NULL
LTFE;10R ;D;ALTN ;102;990;3400;NULL;NULL;NULL;NULL
LTFE;10R ;D;CIRC ;102;2029;3600;Type A;2D;4;NPA
LTFE;28L ;C;CIRC ;0;2029;2400;Type A;2D;4;NPA
LTFE;28L ;D;CIRC ;282;2029;3600;Type A;2D;4;NPA
LTFE;28R ;C;CAT2 ;0;178;450;Type B;3D;0;PA
LTFE;28R ;D;CAT2 ;0;178;450;Type B;3D;0;PA
LTFE;28R ;C;ILSW ;0;284;650;Type A;3D;0;PA
LTFE;28R ;C;ILSX ;0;284;650;Type A;3D;0;PA
LTFE;28R ;D;ILSW ;0;284;650;Type A;3D;0;PA
LTFE;28R ;D;ILSX ;0;284;650;Type A;3D;0;PA
LTFE;28R ;D;ILSZ ;281;284;650;Type A;3D;0;PA
LTFE;28R ;C;ILSZ ;281;284;650;Type A;3D;0;PA
LTFE;28R ;C;ALTN ;281;328;900;NULL;NULL;NULL;NULL
LTFE;28R ;D;ALTN ;281;328;900;NULL;NULL;NULL;NULL
LTFE;28R ;C;LOCW ;282;529;1700;Type A;2D;1;NPA
LTFE;28R ;C;LOCX ;282;529;1700;Type A;2D;1;NPA
LTFE;28R ;D;LOCW ;282;529;1700;Type A;2D;1;NPA
LTFE;28R ;D;LOCX ;282;529;1700;Type A;2D;1;NPA
LTFE;28R ;C;LOCZ ;281;529;1700;Type A;2D;1;NPA
LTFE;28R ;D;LOCZ ;281;529;1700;Type A;2D;1;NPA
LTFE;28R ;C;CIRC ;0;2029;2400;Type A;2D;4;NPA
LTFE;28R ;D;CIRC ;282;2029;3600;Type A;2D;4;NPA
LTFE;ALL ;C;ETOPS;0;404;1350;NULL;NULL;NULL;NULL
LTFE;ALL ;D;ETOPS;0;404;1350;NULL;NULL;NULL;NULL
LTFG;8;C;RNAV ;0;948;2400;Type A;2D;1;NPA
LTFG;8;D;RNAV ;0;948;2400;Type A;2D;1;NPA
LTFG;8;C;LOC  ;77;948;2400;Type A;2D;1;NPA
LTFG;8;D;LOC  ;77;948;2400;Type A;2D;1;NPA
LTFG;8;C;CIRC ;0;2774;2400;Type A;2D;4;NPA
LTFG;8;C;ALTN ;77;1148;3400;NULL;NULL;NULL;NULL
LTFG;8;D;ALTN ;77;1148;3400;NULL;NULL;NULL;NULL
LTFG;8;D;CIRC ;77;3874;3600;Type A;2D;4;NPA
LTFG;26;C;CIRC ;0;2774;2400;Type A;2D;4;NPA
LTFG;26;D;CIRC ;257;3874;3600;Type A;2D;4;NPA
LTFG;ALL ;C;ETOPS;0;1348;3900;NULL;NULL;NULL;NULL
LTFG;ALL ;D;ETOPS;0;1348;3900;NULL;NULL;NULL;NULL
LTFH;13;D;CAT2 ;127;160;450;Type B;3D;0;PA
LTFH;13;C;CAT2 ;127;160;450;Type B;3D;0;PA
LTFH;13;C;ILST ;127;292;650;Type A;3D;0;PA
LTFH;13;C;ILSV ;127;292;650;Type A;3D;0;PA
LTFH;13;C;ILSX ;127;292;650;Type A;3D;0;PA
LTFH;13;C;ILSZ ;127;292;650;Type A;3D;0;PA
LTFH;13;D;ILST ;127;292;650;Type A;3D;0;PA
LTFH;13;D;ILSV ;127;292;650;Type A;3D;0;PA
LTFH;13;D;ILSX ;127;292;650;Type A;3D;0;PA
LTFH;13;D;ILSZ ;127;292;650;Type A;3D;0;PA
LTFH;13;D;RNAV ;127;292;750;Type A;2D;1;NPA
LTFH;13;C;RNAV ;127;292;750;Type A;2D;1;NPA
LTFH;13;C;ALTN ;127;310;900;NULL;NULL;NULL;NULL
LTFH;13;D;ALTN ;127;310;900;NULL;NULL;NULL;NULL
LTFH;13;D;DME  ;127;492;1500;Type A;2D;1;NPA
LTFH;13;D;NDB  ;127;492;1500;Type A;2D;3;NPA
LTFH;13;C;LOCT ;127;492;1500;Type A;2D;1;NPA
LTFH;13;C;LOCV ;127;492;1500;Type A;2D;1;NPA
LTFH;13;C;LOCX ;127;492;1500;Type A;2D;1;NPA
LTFH;13;C;LOCZ ;127;492;1500;Type A;2D;1;NPA
LTFH;13;D;LOCT ;127;492;1500;Type A;2D;1;NPA
LTFH;13;D;LOCV ;127;492;1500;Type A;2D;1;NPA
LTFH;13;D;LOCX ;127;492;1500;Type A;2D;1;NPA
LTFH;13;D;LOCZ ;127;492;1500;Type A;2D;1;NPA
LTFH;13;C;DME  ;127;492;1500;Type A;2D;1;NPA
LTFH;13;C;NDB  ;127;492;1500;Type A;2D;3;NPA
LTFH;13;C;CIRC ;127;883;2400;Type A;2D;4;NPA
LTFH;13;D;CIRC ;127;883;3600;Type A;2D;4;NPA
LTFH;31;C;RNAV ;307;313;750;Type A;2D;1;NPA
LTFH;31;D;RNAV ;307;313;750;Type A;2D;1;NPA
LTFH;31;C;DME  ;307;453;1400;Type A;2D;1;NPA
LTFH;31;C;NDB  ;307;453;1400;Type A;2D;3;NPA
LTFH;31;D;DME  ;307;453;1400;Type A;2D;1;NPA
LTFH;31;D;NDB  ;307;453;1400;Type A;2D;3;NPA
LTFH;31;C;ALTN ;307;513;1750;NULL;NULL;NULL;NULL
LTFH;31;D;ALTN ;307;513;1750;NULL;NULL;NULL;NULL
LTFH;31;C;CIRC ;307;883;2400;Type A;2D;4;NPA
LTFH;31;D;CIRC ;307;883;3600;Type A;2D;4;NPA
LTFH;ALL ;C;ETOPS;0;492;1450;NULL;NULL;NULL;NULL
LTFH;ALL ;D;ETOPS;0;492;1450;NULL;NULL;NULL;NULL
LTFJ;06L ;C;ILSX ;58;308;700;Type A;3D;0;PA
LTFJ;06L ;C;ILSY ;58;308;700;Type A;3D;0;PA
LTFJ;06L ;C;ILSZ ;58;308;700;Type A;3D;0;PA
LTFJ;06L ;D;ILSX ;58;308;700;Type A;3D;0;PA
LTFJ;06L ;D;ILSY ;58;308;700;Type A;3D;0;PA
LTFJ;06L ;D;ILSZ ;58;308;700;Type A;3D;0;PA
LTFJ;06L ;D;ALTN ;58;508;1500;NULL;NULL;NULL;NULL
LTFJ;06L ;C;ALTN ;58;508;1500;NULL;NULL;NULL;NULL
LTFJ;06L ;D;RNAVZ;58;658;2300;Type A;2D;NULL;NPA
LTFJ;06L ;C;RNAVZ;58;658;2300;Type A;2D;NULL;NPA
LTFJ;06L ;D;LOCX ;58;688;2400;Type A;2D;1;NPA
LTFJ;06L ;D;LOCY ;58;688;2400;Type A;2D;1;NPA
LTFJ;06L ;D;LOCZ ;58;688;2400;Type A;2D;1;NPA
LTFJ;06L ;C;LOCX ;58;688;2400;Type A;2D;1;NPA
LTFJ;06L ;C;LOCY ;58;688;2400;Type A;2D;1;NPA
LTFJ;06L ;C;LOCZ ;58;688;2400;Type A;2D;1;NPA
LTFJ;06L ;C;NDBX ;58;808;2400;Type A;2D;3;NPA
LTFJ;06L ;C;NDBY ;58;808;2400;Type A;2D;3;NPA
LTFJ;06L ;C;NDBZ ;58;808;2400;Type A;2D;3;NPA
LTFJ;06L ;D;NDBX ;58;808;2400;Type A;2D;3;NPA
LTFJ;06L ;D;NDBY ;58;808;2400;Type A;2D;3;NPA
LTFJ;06L ;D;NDBZ ;58;808;2400;Type A;2D;3;NPA
LTFJ;06L ;C;VORX ;58;808;2400;Type A;2D;2;NPA
LTFJ;06L ;C;VORY ;58;808;2400;Type A;2D;2;NPA
LTFJ;06L ;C;VORZ ;58;808;2400;Type A;2D;2;NPA
LTFJ;06L ;D;VORX ;58;808;2400;Type A;2D;2;NPA
LTFJ;06L ;D;VORY ;58;808;2400;Type A;2D;2;NPA
LTFJ;06L ;D;VORZ ;58;808;2400;Type A;2D;2;NPA
LTFJ;06L ;C;CIRC ;58;1118;2400;Type A;2D;4;NPA
LTFJ;06L ;D;CIRC ;58;1118;3600;Type A;2D;4;NPA
LTFJ;06R ;C;CAT2 ;58;100;300;Type B;3D;0;PA
LTFJ;06R ;D;CAT2 ;58;100;300;Type B;3D;0;PA
LTFJ;06R ;C;ILSX ;58;320;700;Type A;3D;0;PA
LTFJ;06R ;C;ILSY ;58;320;700;Type A;3D;0;PA
LTFJ;06R ;C;ILSZ ;58;320;700;Type A;3D;0;PA
LTFJ;06R ;D;ILSX ;58;320;700;Type A;3D;0;PA
LTFJ;06R ;D;ILSY ;58;320;700;Type A;3D;0;PA
LTFJ;06R ;D;ILSZ ;58;320;700;Type A;3D;0;PA
LTFJ;06R ;C;ALTN ;58;250;750;NULL;NULL;NULL;NULL
LTFJ;06R ;D;ALTN ;58;250;750;NULL;NULL;NULL;NULL
LTFJ;06R ;D;LOCX ;58;530;1700;Type A;2D;1;NPA
LTFJ;06R ;D;LOCY ;58;530;1700;Type A;2D;1;NPA
LTFJ;06R ;D;LOCZ ;58;530;1700;Type A;2D;1;NPA
LTFJ;06R ;C;VORX ;58;530;1700;Type A;2D;2;NPA
LTFJ;06R ;C;VORY ;58;530;1700;Type A;2D;2;NPA
LTFJ;06R ;C;VORZ ;58;530;1700;Type A;2D;2;NPA
LTFJ;06R ;C;LOCX ;58;530;1700;Type A;2D;1;NPA
LTFJ;06R ;C;LOCY ;58;530;1700;Type A;2D;1;NPA
LTFJ;06R ;C;LOCZ ;58;530;1700;Type A;2D;1;NPA
LTFJ;06R ;D;VORX ;58;530;1700;Type A;2D;2;NPA
LTFJ;06R ;D;VORY ;58;530;1700;Type A;2D;2;NPA
LTFJ;06R ;D;VORZ ;58;530;1700;Type A;2D;2;NPA
LTFJ;06R ;C;RNAVZ;58;590;2000;Type A;2D;NULL;NPA
LTFJ;06R ;D;RNAVZ;58;590;2000;Type A;2D;NULL;NPA
LTFJ;06R ;C;CIRC ;58;1118;2400;Type A;2D;4;NPA
LTFJ;06R ;D;CIRC ;58;1118;3600;Type A;2D;4;NPA
LTFJ;24L ;C;ILSX ;238;382;1100;Type A;3D;0;PA
LTFJ;24L ;C;ILSY ;238;382;1100;Type A;3D;0;PA
LTFJ;24L ;C;ILSZ ;238;382;1100;Type A;3D;0;PA
LTFJ;24L ;D;ILSX ;238;382;1100;Type A;3D;0;PA
LTFJ;24L ;D;ILSY ;238;382;1100;Type A;3D;0;PA
LTFJ;24L ;D;ILSZ ;238;382;1100;Type A;3D;0;PA
LTFJ;24L ;C;ALTN ;238;582;1900;NULL;NULL;NULL;NULL
LTFJ;24L ;D;ALTN ;238;582;1900;NULL;NULL;NULL;NULL
LTFJ;24L ;C;LOCX ;239;812;2400;Type A;2D;1;NPA
LTFJ;24L ;C;LOCY ;239;812;2400;Type A;2D;1;NPA
LTFJ;24L ;C;LOCZ ;239;812;2400;Type A;2D;1;NPA
LTFJ;24L ;D;LOCX ;239;812;2400;Type A;2D;1;NPA
LTFJ;24L ;D;LOCY ;239;812;2400;Type A;2D;1;NPA
LTFJ;24L ;D;LOCZ ;239;812;2400;Type A;2D;1;NPA
LTFJ;24L ;C;CIRC ;238;1118;2400;Type A;2D;4;NPA
LTFJ;24L ;D;CIRC ;238;1118;3600;Type A;2D;4;NPA
LTFJ;24R ;D;ILSX ;238;286;650;Type A;3D;0;PA
LTFJ;24R ;D;ILSY ;238;286;650;Type A;3D;0;PA
LTFJ;24R ;D;ILSZ ;238;286;650;Type A;3D;0;PA
LTFJ;24R ;C;ILSX ;238;286;650;Type A;3D;0;PA
LTFJ;24R ;C;ILSY ;238;286;650;Type A;3D;0;PA
LTFJ;24R ;C;ILSZ ;238;286;650;Type A;3D;0;PA
LTFJ;24R ;D;ALTN ;238;486;1450;NULL;NULL;NULL;NULL
LTFJ;24R ;C;ALTN ;238;486;1450;NULL;NULL;NULL;NULL
LTFJ;24R ;D;LOCX ;238;766;2400;Type A;2D;1;NPA
LTFJ;24R ;D;LOCY ;238;766;2400;Type A;2D;1;NPA
LTFJ;24R ;D;LOCZ ;238;766;2400;Type A;2D;1;NPA
LTFJ;24R ;C;LOCX ;238;766;2400;Type A;2D;1;NPA
LTFJ;24R ;C;LOCY ;238;766;2400;Type A;2D;1;NPA
LTFJ;24R ;C;LOCZ ;238;766;2400;Type A;2D;1;NPA
LTFJ;24R ;C;NDBX ;238;796;2400;Type A;2D;3;NPA
LTFJ;24R ;C;NDBY ;238;796;2400;Type A;2D;3;NPA
LTFJ;24R ;C;NDBZ ;238;796;2400;Type A;2D;3;NPA
LTFJ;24R ;C;VORX ;238;796;2400;Type A;2D;2;NPA
LTFJ;24R ;C;VORY ;238;796;2400;Type A;2D;2;NPA
LTFJ;24R ;C;VORZ ;238;796;2400;Type A;2D;2;NPA
LTFJ;24R ;D;NDBX ;238;796;2400;Type A;2D;3;NPA
LTFJ;24R ;D;NDBY ;238;796;2400;Type A;2D;3;NPA
LTFJ;24R ;D;NDBZ ;238;796;2400;Type A;2D;3;NPA
LTFJ;24R ;D;VORX ;238;796;2400;Type A;2D;2;NPA
LTFJ;24R ;D;VORY ;238;796;2400;Type A;2D;2;NPA
LTFJ;24R ;D;VORZ ;238;796;2400;Type A;2D;2;NPA
LTFJ;24R ;D;RNAVZ;238;846;2400;Type A;2D;NULL;NPA
LTFJ;24R ;C;RNAVZ;238;846;2400;Type A;2D;NULL;NPA
LTFJ;24R ;C;CIRC ;238;1118;2400;Type A;2D;4;NPA
LTFJ;24R ;D;CIRC ;238;1118;3600;Type A;2D;4;NPA
LTFJ;ALL ;C;ETOPS;0;486;1450;NULL;NULL;NULL;NULL
LTFJ;ALL ;D;ETOPS;0;486;1450;NULL;NULL;NULL;NULL
LTFK;1;C;CIRC ;11;1816;2400;Type A;2D;4;NPA
LTFK;1;D;CIRC ;11;1816;3600;Type A;2D;4;NPA
LTFK;19;C;CIRC ;191;1816;2400;Type A;2D;4;NPA
LTFK;19;D;CIRC ;191;1816;3600;Type A;2D;4;NPA
LTFK;ALL ;C;ETOPS;0;2216;3900;NULL;NULL;NULL;NULL
LTFK;ALL ;D;ETOPS;0;2216;5100;NULL;NULL;NULL;NULL
LTFM;16R ;C;CAT3B;174;0;75;Type B;3D;0;PA
LTFM;16R ;D;CAT3B;174;0;75;Type B;3D;0;PA
LTFM;16R ;C;CAT2 ;174;111;300;Type B;3D;0;PA
LTFM;16R ;D;CAT2 ;174;111;300;Type B;3D;0;PA
LTFM;16R ;C;ALTN ;174;100;375;NULL;NULL;NULL;NULL
LTFM;16R ;D;ALTN ;174;100;375;NULL;NULL;NULL;NULL
LTFM;16R ;D;ILSY ;174;201;550;Type B;3D;0;PA
LTFM;16R ;D;ILSZ ;174;201;550;Type B;3D;0;PA
LTFM;16R ;C;ILSX ;173;201;550;Type B;3D;0;PA
LTFM;16R ;D;ILSX ;173;201;550;Type B;3D;0;PA
LTFM;16R ;C;ILSY ;174;201;550;Type B;3D;0;PA
LTFM;16R ;C;ILSZ ;174;201;550;Type B;3D;0;PA
LTFM;16R ;C;LOCZ ;174;501;1600;Type A;2D;1;NPA
LTFM;16R ;C;RNAVZ;174;501;1600;Type A;2D;NULL;NPA
LTFM;16R ;C;VORZ ;174;501;1600;Type A;2D;2;NPA
LTFM;16R ;D;LOCZ ;174;501;1600;Type A;2D;1;NPA
LTFM;16R ;D;RNAVZ;174;501;1600;Type A;2D;NULL;NPA
LTFM;16R ;D;VORZ ;174;501;1600;Type A;2D;2;NPA
LTFM;16R ;C;CIRC ;174;1075;2400;Type A;2D;4;NPA
LTFM;16R ;C;CIRC ;0;1075;2400;Type A;2D;4;NPA
LTFM;16R ;D;CIRC ;174;1075;3600;Type A;2D;4;NPA
LTFM;17L ;C;CAT3B;174;0;75;Type B;3D;0;PA
LTFM;17L ;D;CAT3B;174;0;75;Type B;3D;0;PA
LTFM;17L ;C;CAT2 ;174;101;300;Type B;3D;0;PA
LTFM;17L ;D;CAT2 ;174;101;300;Type B;3D;0;PA
LTFM;17L ;C;ALTN ;174;100;375;NULL;NULL;NULL;NULL
LTFM;17L ;D;ALTN ;174;100;375;NULL;NULL;NULL;NULL
LTFM;17L ;C;ILSZ ;0;200;550;Type B;3D;0;PA
LTFM;17L ;D;ILSZ ;0;200;550;Type B;3D;0;PA
LTFM;17L ;C;ILSY ;174;200;550;Type B;3D;0;PA
LTFM;17L ;D;ILSY ;174;200;550;Type B;3D;0;PA
LTFM;17L ;C;ILSX ;173;200;550;Type B;3D;0;PA
LTFM;17L ;D;ILSX ;173;200;550;Type B;3D;0;PA
LTFM;17L ;C;LOCZ ;174;518;1600;Type A;2D;1;NPA
LTFM;17L ;C;RNAVZ;174;518;1600;Type A;2D;NULL;NPA
LTFM;17L ;C;VORZ ;174;518;1600;Type A;2D;2;NPA
LTFM;17L ;D;LOCZ ;174;518;1600;Type A;2D;1;NPA
LTFM;17L ;D;RNAVZ;174;518;1600;Type A;2D;NULL;NPA
LTFM;17L ;D;VORZ ;174;518;1600;Type A;2D;2;NPA
LTFM;17L ;C;CIRC ;0;1075;2400;Type A;2D;4;NPA
LTFM;17L ;D;CIRC ;174;1075;3600;Type A;2D;4;NPA
LTFM;18;C;CAT3B;173;0;75;Type B;3D;0;PA
LTFM;18;D;CAT3B;173;0;75;Type B;3D;0;PA
LTFM;18;C;CAT2 ;173;100;300;Type B;3D;0;PA
LTFM;18;D;CAT2 ;173;100;300;Type B;3D;0;PA
LTFM;18;C;ALTN ;173;100;375;NULL;NULL;NULL;NULL
LTFM;18;D;ALTN ;173;100;375;NULL;NULL;NULL;NULL
LTFM;18;C;ILSX ;173;200;550;Type B;3D;0;PA
LTFM;18;D;ILSY ;173;200;550;Type B;3D;0;PA
LTFM;18;D;ILSZ ;173;200;550;Type B;3D;0;PA
LTFM;18;C;ILSY ;173;200;550;Type B;3D;0;PA
LTFM;18;C;ILSZ ;173;200;550;Type B;3D;0;PA
LTFM;18;D;ILSX ;173;200;550;Type B;3D;0;PA
LTFM;18;C;ILSW ;173;200;550;Type B;3D;0;PA
LTFM;18;D;ILSW ;173;200;550;Type B;3D;0;PA
LTFM;18;D;LOCZ ;173;499;1500;Type A;2D;1;NPA
LTFM;18;D;RNAVZ;173;499;1500;Type A;2D;NULL;NPA
LTFM;18;D;VORZ ;173;499;1500;Type A;2D;2;NPA
LTFM;18;C;LOCZ ;173;499;1500;Type A;2D;1;NPA
LTFM;18;C;RNAVZ;173;499;1500;Type A;2D;NULL;NPA
LTFM;18;C;VORZ ;173;499;1500;Type A;2D;2;NPA
LTFM;18;C;CIRC ;173;1075;2400;Type A;2D;4;NPA
LTFM;18;D;CIRC ;173;1075;3600;Type A;2D;4;NPA
LTFM;34L ;C;CAT3B;354;0;75;Type B;3D;0;PA
LTFM;34L ;D;CAT3B;354;0;75;Type B;3D;0;PA
LTFM;34L ;C;CAT2 ;354;100;300;Type B;3D;0;PA
LTFM;34L ;D;CAT2 ;354;100;300;Type B;3D;0;PA
LTFM;34L ;C;ALTN ;354;100;375;NULL;NULL;NULL;NULL
LTFM;34L ;D;ALTN ;354;100;375;NULL;NULL;NULL;NULL
LTFM;34L ;C;ILSY ;354;200;550;Type B;3D;0;PA
LTFM;34L ;D;ILSY ;354;200;550;Type B;3D;0;PA
LTFM;34L ;C;ILSZ ;0;200;550;Type B;3D;0;PA
LTFM;34L ;D;ILSZ ;0;200;550;Type B;3D;0;PA
LTFM;34L ;C;ILSX ;353;200;550;Type B;3D;0;PA
LTFM;34L ;D;ILSX ;353;200;550;Type B;3D;0;PA
LTFM;34L ;C;RNAVZ;354;575;1900;Type A;2D;NULL;NPA
LTFM;34L ;D;RNAVZ;354;575;1900;Type A;2D;NULL;NPA
LTFM;34L ;D;VORZ ;354;675;2400;Type A;2D;2;NPA
LTFM;34L ;C;VORZ ;354;675;2400;Type A;2D;2;NPA
LTFM;34L ;D;LOCZ ;354;675;2400;Type A;2D;1;NPA
LTFM;34L ;C;LOCZ ;354;675;2400;Type A;2D;1;NPA
LTFM;34L ;C;CIRC ;0;1075;2400;Type A;2D;4;NPA
LTFM;34L ;D;CIRC ;354;1075;3600;Type A;2D;4;NPA
LTFM;35R ;C;CAT3B;354;0;75;Type B;3D;0;PA
LTFM;35R ;D;CAT3B;354;0;75;Type B;3D;0;PA
LTFM;35R ;C;CAT2 ;354;105;300;Type B;3D;0;PA
LTFM;35R ;D;CAT2 ;354;105;300;Type B;3D;0;PA
LTFM;35R ;C;ALTN ;354;100;375;NULL;NULL;NULL;NULL
LTFM;35R ;D;ALTN ;354;100;375;NULL;NULL;NULL;NULL
LTFM;35R ;C;ILSZ ;0;200;550;Type B;3D;0;PA
LTFM;35R ;D;ILSZ ;0;200;550;Type B;3D;0;PA
LTFM;35R ;C;ILSY ;354;200;550;Type B;3D;0;PA
LTFM;35R ;D;ILSY ;354;200;550;Type B;3D;0;PA
LTFM;35R ;C;ILSX ;353;200;550;Type B;3D;0;PA
LTFM;35R ;D;ILSX ;353;200;550;Type B;3D;0;PA
LTFM;35R ;C;RNAVZ;354;490;1500;Type A;2D;NULL;NPA
LTFM;35R ;D;RNAVZ;354;490;1500;Type A;2D;NULL;NPA
LTFM;35R ;D;VORZ ;354;690;2400;Type A;2D;2;NPA
LTFM;35R ;C;VORZ ;354;690;2400;Type A;2D;2;NPA
LTFM;35R ;D;LOCZ ;354;690;2400;Type A;2D;1;NPA
LTFM;35R ;C;LOCZ ;354;690;2400;Type A;2D;1;NPA
LTFM;35R ;C;CIRC ;0;1075;2400;Type A;2D;4;NPA
LTFM;35R ;D;CIRC ;354;1075;3600;Type A;2D;4;NPA
LTFM;36;C;CAT3B;353;0;75;Type B;3D;0;PA
LTFM;36;D;CAT3B;353;0;75;Type B;3D;0;PA
LTFM;36;C;CAT2 ;353;101;300;Type B;3D;0;PA
LTFM;36;D;CAT2 ;353;101;300;Type B;3D;0;PA
LTFM;36;C;ALTN ;353;100;375;NULL;NULL;NULL;NULL
LTFM;36;D;ALTN ;353;100;375;NULL;NULL;NULL;NULL
LTFM;36;C;ILSX ;353;201;550;Type B;3D;0;PA
LTFM;36;C;ILSY ;353;201;550;Type B;3D;0;PA
LTFM;36;C;ILSZ ;353;201;550;Type B;3D;0;PA
LTFM;36;D;ILSY ;353;201;550;Type B;3D;0;PA
LTFM;36;D;ILSZ ;353;201;550;Type B;3D;0;PA
LTFM;36;D;ILSX ;353;201;550;Type B;3D;0;PA
LTFM;36;C;ILSW ;353;201;550;Type B;3D;0;PA
LTFM;36;D;ILSW ;353;201;550;Type B;3D;0;PA
LTFM;36;D;RNAVZ;353;491;1500;Type A;2D;NULL;NPA
LTFM;36;C;RNAVZ;353;491;1500;Type A;2D;NULL;NPA
LTFM;36;C;VORZ ;353;691;2400;Type A;2D;2;NPA
LTFM;36;D;VORZ ;353;691;2400;Type A;2D;2;NPA
LTFM;36;D;LOCZ ;353;691;2400;Type A;2D;1;NPA
LTFM;36;C;LOCZ ;353;691;2400;Type A;2D;1;NPA
LTFM;36;C;CIRC ;353;1075;2400;Type A;2D;4;NPA
LTFM;36;D;CIRC ;353;1075;3600;Type A;2D;4;NPA
LTFM;ALL ;C;ETOPS;0;400;1350;NULL;NULL;NULL;NULL
LTFM;ALL ;D;ETOPS;0;400;1350;NULL;NULL;NULL;NULL
LTFO;6;C;ILSY ;63;634;2200;Type A;3D;0;PA
LTFO;6;C;ILSZ ;63;634;2200;Type A;3D;0;PA
LTFO;6;D;ILSY ;63;634;2200;Type A;3D;0;PA
LTFO;6;D;ILSZ ;63;634;2200;Type A;3D;0;PA
LTFO;6;C;RNAVZ;63;944;2400;Type A;2D;NULL;NPA
LTFO;6;D;RNAVZ;63;944;2400;Type A;2D;NULL;NPA
LTFO;6;D;LOCY ;63;984;2400;Type A;2D;1;NPA
LTFO;6;D;LOCZ ;63;984;2400;Type A;2D;1;NPA
LTFO;6;C;LOCY ;63;984;2400;Type A;2D;1;NPA
LTFO;6;C;LOCZ ;63;984;2400;Type A;2D;1;NPA
LTFO;6;C;ALTN ;63;834;3000;NULL;NULL;NULL;NULL
LTFO;6;D;ALTN ;63;834;3000;NULL;NULL;NULL;NULL
LTFO;6;C;NDBY ;63;1344;5000;Type A;2D;3;NPA
LTFO;6;C;NDBZ ;63;1344;5000;Type A;2D;3;NPA
LTFO;6;D;NDBY ;63;1344;5000;Type A;2D;3;NPA
LTFO;6;D;NDBZ ;63;1344;5000;Type A;2D;3;NPA
LTFO;6;D;VORY ;63;1344;5000;Type A;2D;2;NPA
LTFO;6;D;VORZ ;63;1344;5000;Type A;2D;2;NPA
LTFO;6;C;VORY ;63;1344;5000;Type A;2D;2;NPA
LTFO;6;C;VORZ ;63;1344;5000;Type A;2D;2;NPA
LTFO;24;C;ILSW ;243;384;1100;Type A;3D;0;PA
LTFO;24;C;ILSX ;243;384;1100;Type A;3D;0;PA
LTFO;24;D;ILSW ;243;384;1100;Type A;3D;0;PA
LTFO;24;D;ILSX ;243;384;1100;Type A;3D;0;PA
LTFO;24;C;ALTN ;243;584;1900;NULL;NULL;NULL;NULL
LTFO;24;D;ALTN ;243;584;1900;NULL;NULL;NULL;NULL
LTFO;24;D;VORZ ;243;684;2400;Type A;2D;2;NPA
LTFO;24;C;VORZ ;243;684;2400;Type A;2D;2;NPA
LTFO;24;D;NDBZ ;243;684;2400;Type A;2D;3;NPA
LTFO;24;C;NDBZ ;243;684;2400;Type A;2D;3;NPA
LTFO;24;C;RNAVZ;243;784;2400;Type A;2D;NULL;NPA
LTFO;24;D;RNAVZ;243;784;2400;Type A;2D;NULL;NPA
LTFO;24;D;LOCW ;243;1034;2400;Type A;2D;1;NPA
LTFO;24;D;LOCX ;243;1034;2400;Type A;2D;1;NPA
LTFO;24;C;LOCW ;243;1034;2400;Type A;2D;1;NPA
LTFO;24;C;LOCX ;243;1034;2400;Type A;2D;1;NPA
LTFO;ALL ;C;ETOPS;0;584;1900;NULL;NULL;NULL;NULL
LTFO;ALL ;D;ETOPS;0;584;1900;NULL;NULL;NULL;NULL
